scoring_3rd,scoring_4th,pace,efg_per,tov_per,orb_per,result
23.0,22.0,87.9,0.4,10.8,33.3,0
24.0,20.0,87.9,0.5,18.4,46.2,1
26.0,25.0,91.1,0.5,10.6,22.5,1
20.0,25.0,91.1,0.513,13.4,32.6,0
22.0,31.0,94.5,0.56,14.7,18.4,0
31.0,27.0,94.5,0.595,7.9,12.8,1
23.0,24.0,94.9,0.44,17.3,25.6,0
25.0,24.0,94.9,0.43,16.1,32.6,1
17.0,33.0,94.6,0.557,18.3,31.6,1
23.0,15.0,94.6,0.481,15.0,23.3,0
24.0,15.0,97.4,0.395,15.4,35.4,0
24.0,28.0,97.4,0.547,20.2,22.9,1
28.0,28.0,93.5,0.513,14.1,22.7,1
21.0,24.0,93.5,0.463,12.6,21.4,0
14.0,23.0,92.9,0.398,17.7,32.7,0
19.0,19.0,92.9,0.394,13.7,26.9,1
17.0,22.0,93.8,0.413,15.8,34.0,1
25.0,18.0,93.8,0.425,16.7,25.6,0
19.0,30.0,93.8,0.556,21.8,42.9,0
30.0,24.0,93.8,0.56,11.2,25.0,1
15.0,27.0,91.1,0.506,17.5,25.0,1
23.0,17.0,91.1,0.396,9.1,28.8,0
13.0,18.0,100.5,0.441,14.2,16.3,0
37.0,21.0,100.5,0.461,11.5,38.5,1
26.0,18.0,91.1,0.422,17.1,26.7,0
21.0,20.0,91.1,0.475,13.1,14.3,1
28.0,28.0,97.4,0.467,17.0,44.2,1
30.0,28.0,97.4,0.512,12.3,16.7,0
30.0,23.0,94.8,0.512,16.5,26.8,1
28.0,30.0,94.8,0.48,17.8,14.6,0
27.0,19.0,93.4,0.44,15.2,31.1,0
35.0,16.0,93.4,0.406,9.5,20.8,1
23.0,32.0,94.0,0.667,17.1,18.5,1
21.0,30.0,94.0,0.456,15.8,23.4,0
24.0,29.0,93.3,0.494,12.4,25.0,1
16.0,31.0,93.3,0.513,17.1,22.5,0
30.0,23.0,93.3,0.5,10.3,22.5,1
20.0,28.0,93.3,0.551,19.9,20.0,0
24.0,15.0,92.1,0.376,10.3,23.4,0
20.0,22.0,92.1,0.379,9.7,34.7,1
22.0,23.0,84.8,0.471,13.4,34.8,0
27.0,21.0,84.8,0.488,12.1,30.0,1
19.0,21.0,88.4,0.514,21.5,20.0,0
26.0,23.0,88.4,0.542,11.7,27.7,1
24.0,26.0,94.6,0.41,9.9,22.0,0
25.0,32.0,94.6,0.546,11.8,19.5,1
31.0,21.0,91.8,0.423,12.7,30.0,0
20.0,24.0,91.8,0.517,10.5,26.8,1
17.0,26.0,92.6,0.433,8.4,21.3,0
17.0,21.0,92.6,0.446,10.9,34.1,1
26.0,22.0,97.8,0.494,13.1,23.8,0
24.0,23.0,97.8,0.494,14.9,25.0,1
20.0,23.0,89.7,0.46,15.8,25.7,1
16.0,22.0,89.7,0.347,10.8,30.0,0
28.0,18.0,96.7,0.445,9.0,30.0,0
36.0,29.0,96.7,0.713,20.3,25.8,1
27.0,17.0,93.0,0.473,14.0,20.0,1
18.0,18.0,93.0,0.38,14.8,27.1,0
24.0,25.0,88.1,0.402,12.6,25.8,0
18.0,17.0,88.1,0.414,15.9,40.4,1
28.0,29.0,97.1,0.512,11.4,38.1,1
26.0,31.0,97.1,0.5,14.7,17.9,0
25.0,25.0,94.4,0.542,11.1,41.9,0
23.0,32.0,94.4,0.578,7.8,19.4,1
30.0,23.0,99.4,0.506,13.5,20.9,0
21.0,29.0,99.4,0.576,14.5,8.3,1
35.0,21.0,92.1,0.526,15.6,25.7,0
17.0,31.0,92.1,0.615,17.6,23.3,1
22.0,18.0,91.0,0.476,9.1,13.3,1
25.0,19.0,91.0,0.474,14.9,19.4,0
21.0,24.0,86.3,0.38,15.2,30.2,0
24.0,22.0,86.3,0.584,14.5,44.4,1
22.0,18.0,89.6,0.481,17.8,24.4,0
18.0,25.0,89.6,0.578,14.2,20.5,1
28.0,29.0,89.7,0.542,9.8,28.6,1
23.0,21.0,89.7,0.528,19.9,21.2,0
20.0,18.0,94.5,0.456,13.9,34.0,0
40.0,29.0,94.5,0.538,9.1,31.7,1
26.0,13.0,89.5,0.5,23.6,25.8,0
23.0,26.0,89.5,0.5,10.1,36.4,1
28.0,32.0,84.5,0.54,10.4,43.2,1
24.0,10.0,84.5,0.568,13.8,21.6,0
24.0,12.0,89.4,0.414,11.4,39.7,0
26.0,31.0,89.4,0.679,9.7,7.4,1
27.0,24.0,96.0,0.511,14.3,38.3,1
28.0,23.0,96.0,0.588,23.6,26.5,0
18.0,26.0,95.6,0.472,12.8,22.9,0
27.0,29.0,95.6,0.445,9.7,31.1,1
21.0,25.0,100.0,0.438,9.8,19.2,0
33.0,26.0,100.0,0.634,13.7,20.0,1
33.0,21.0,88.3,0.542,7.0,20.5,1
20.0,20.0,88.3,0.384,11.8,35.2,0
20.0,28.0,92.6,0.436,12.6,17.5,0
23.0,19.0,92.6,0.481,12.5,24.4,1
22.0,19.0,87.8,0.38,17.6,33.3,0
26.0,28.0,87.8,0.517,7.9,26.2,1
22.0,23.0,91.5,0.465,10.5,24.4,0
23.0,31.0,91.5,0.488,8.7,22.0,1
25.0,21.0,91.7,0.487,12.7,20.5,0
27.0,24.0,91.7,0.5,12.9,43.8,1
25.0,25.0,98.8,0.399,15.2,17.0,0
28.0,23.0,98.8,0.534,16.0,19.4,1
27.0,9.0,90.2,0.459,14.4,24.4,0
14.0,24.0,90.2,0.477,15.6,36.2,1
16.0,30.0,93.9,0.463,16.2,20.8,0
29.0,22.0,93.9,0.444,14.3,15.0,1
25.0,32.0,91.1,0.527,10.2,47.8,1
35.0,29.0,91.1,0.494,10.8,34.9,0
24.0,30.0,90.6,0.475,7.8,24.4,0
21.0,27.0,90.6,0.512,10.0,36.4,1
23.0,22.0,96.8,0.483,14.4,22.9,0
26.0,21.0,96.8,0.571,15.4,20.0,1
13.0,24.0,93.1,0.494,18.7,37.2,1
23.0,23.0,93.1,0.417,16.1,32.7,0
21.0,22.0,93.3,0.466,19.3,14.0,0
35.0,24.0,93.3,0.59,14.7,28.1,1
15.0,17.0,88.3,0.394,17.8,28.9,0
29.0,24.0,88.3,0.584,12.5,22.9,1
25.0,27.0,91.7,0.566,13.3,30.6,1
25.0,22.0,91.7,0.418,9.1,29.6,0
21.0,20.0,91.0,0.369,17.6,26.7,0
30.0,22.0,91.0,0.493,18.2,31.0,1
21.0,20.0,86.9,0.44,14.8,20.0,1
10.0,15.0,86.9,0.362,20.8,24.4,0
25.0,32.0,89.8,0.548,16.4,26.3,0
24.0,26.0,89.8,0.53,12.3,37.8,1
16.0,29.0,91.9,0.365,16.0,34.9,0
14.0,30.0,91.9,0.476,11.7,21.4,1
18.0,31.0,95.5,0.527,21.1,21.6,1
25.0,19.0,95.5,0.446,17.9,28.6,0
17.0,26.0,89.2,0.552,12.9,31.3,1
32.0,19.0,89.2,0.473,12.8,20.9,0
30.0,23.0,88.9,0.533,14.4,21.6,1
25.0,18.0,88.9,0.475,12.9,20.0,0
26.0,23.0,95.2,0.53,14.8,25.0,1
29.0,26.0,95.2,0.513,13.5,18.9,0
19.0,27.0,97.1,0.391,15.0,25.9,0
20.0,31.0,97.1,0.467,9.6,29.5,1
17.0,22.0,98.1,0.378,16.0,23.6,0
25.0,29.0,98.1,0.444,13.5,32.0,1
22.0,17.0,89.5,0.467,19.5,26.7,0
27.0,24.0,89.5,0.404,8.0,35.3,1
21.0,30.0,88.6,0.47,12.4,27.5,0
27.0,27.0,88.6,0.514,12.7,16.1,1
20.0,30.0,86.0,0.524,11.7,35.7,0
19.0,29.0,86.0,0.566,8.9,33.3,1
21.0,16.0,98.0,0.457,18.0,22.0,0
29.0,20.0,98.0,0.464,8.2,21.2,1
27.0,25.0,90.3,0.448,13.4,34.8,0
25.0,31.0,90.3,0.592,16.3,24.2,1
25.0,32.0,85.7,0.555,10.6,34.9,1
15.0,17.0,85.7,0.457,19.7,17.5,0
21.0,22.0,98.0,0.539,18.4,23.1,0
27.0,31.0,98.0,0.506,15.1,28.6,1
22.0,28.0,95.0,0.521,19.3,20.0,1
29.0,18.0,95.0,0.368,9.7,26.8,0
19.0,26.0,97.3,0.551,19.6,18.8,1
25.0,19.0,97.3,0.462,18.6,23.8,0
18.0,18.0,91.1,0.462,17.1,20.0,0
24.0,23.0,91.1,0.437,13.7,37.5,1
18.0,21.0,84.9,0.406,10.7,28.3,0
23.0,24.0,84.9,0.463,13.9,34.1,1
22.0,24.0,91.5,0.403,10.7,35.9,1
20.0,27.0,91.5,0.426,11.1,23.6,0
16.0,25.0,93.1,0.444,15.5,24.4,0
25.0,24.0,93.1,0.457,13.0,19.0,1
23.0,13.0,87.7,0.506,12.8,12.8,0
21.0,19.0,87.7,0.469,11.7,28.6,1
25.0,32.0,91.0,0.479,13.9,20.0,1
26.0,24.0,91.0,0.415,10.0,32.7,0
30.0,39.0,97.2,0.621,20.1,19.4,1
27.0,30.0,97.2,0.528,13.3,28.6,0
17.0,24.0,88.5,0.507,15.2,24.3,1
29.0,21.0,88.5,0.456,12.2,15.9,0
18.0,20.0,93.3,0.391,9.6,19.2,0
27.0,17.0,93.3,0.5,16.9,27.0,1
18.0,21.0,89.4,0.363,10.7,20.4,0
13.0,19.0,89.4,0.417,14.4,27.9,1
23.0,16.0,88.9,0.479,21.8,25.0,0
26.0,24.0,88.9,0.494,13.2,20.5,1
18.0,24.0,89.4,0.439,10.3,30.4,0
22.0,24.0,89.4,0.494,15.3,41.9,1
25.0,20.0,90.8,0.405,12.1,31.9,0
20.0,28.0,90.8,0.523,13.1,28.2,1
27.0,18.0,95.6,0.452,11.4,21.3,0
22.0,27.0,95.6,0.596,20.3,13.3,1
24.0,19.0,89.3,0.525,8.3,15.8,1
24.0,25.0,89.3,0.48,12.9,22.2,0
21.0,24.0,88.8,0.492,17.7,20.0,1
19.0,24.0,88.8,0.388,8.1,14.3,0
17.0,30.0,90.7,0.377,13.3,25.7,1
22.0,17.0,90.7,0.434,10.4,27.1,0
26.0,31.0,92.6,0.562,10.1,31.0,1
33.0,25.0,92.6,0.525,10.4,26.2,0
21.0,22.0,102.3,0.556,20.7,18.2,1
33.0,13.0,102.3,0.494,14.0,8.7,0
21.0,22.0,90.0,0.586,15.2,26.5,0
29.0,27.0,90.0,0.495,5.5,30.6,1
19.0,20.0,95.9,0.487,15.3,16.2,1
20.0,20.0,95.9,0.398,17.5,31.4,0
30.0,22.0,87.7,0.57,13.9,25.6,1
30.0,17.0,87.7,0.509,12.3,36.4,0
33.0,26.0,88.9,0.454,10.9,37.2,0
21.0,29.0,88.9,0.578,12.5,38.7,1
22.0,15.0,90.7,0.327,14.8,32.7,0
18.0,22.0,90.7,0.417,11.5,28.9,1
23.0,5.0,82.2,0.403,13.0,18.6,1
22.0,14.0,82.2,0.353,12.2,27.5,0
22.0,24.0,86.6,0.428,7.8,23.9,1
16.0,23.0,86.6,0.459,16.9,32.5,0
28.0,22.0,90.7,0.542,9.2,15.4,1
23.0,13.0,90.7,0.527,19.5,26.5,0
28.0,29.0,85.2,0.583,15.5,32.4,1
16.0,28.0,85.2,0.474,13.2,23.3,0
24.0,23.0,86.6,0.445,11.3,38.3,0
29.0,25.0,86.6,0.528,9.6,11.8,1
22.0,34.0,89.5,0.562,15.7,25.7,0
22.0,22.0,89.5,0.519,12.3,35.9,1
14.0,28.0,91.6,0.481,12.3,12.8,0
17.0,21.0,91.6,0.5,21.9,29.4,1
31.0,20.0,90.8,0.452,9.7,21.4,0
21.0,15.0,90.8,0.513,10.9,19.4,1
20.0,26.0,93.8,0.513,17.5,27.5,0
33.0,22.0,93.8,0.556,17.3,26.5,1
19.0,32.0,92.5,0.406,16.9,33.3,0
22.0,17.0,92.5,0.434,5.6,27.5,1
18.0,20.0,94.0,0.476,14.3,20.9,1
15.0,34.0,94.0,0.414,14.9,35.8,0
25.0,26.0,89.2,0.511,7.5,28.6,1
26.0,26.0,89.2,0.528,15.2,27.0,0
17.0,25.0,89.1,0.5,16.4,30.8,1
20.0,22.0,89.1,0.327,3.9,19.6,0
26.0,17.0,88.3,0.534,13.2,32.6,1
18.0,31.0,88.3,0.429,9.6,39.2,0
29.0,18.0,86.9,0.513,13.1,29.3,0
15.0,28.0,86.9,0.471,10.2,36.0,1
25.0,19.0,85.3,0.552,11.6,15.6,1
24.0,27.0,85.3,0.455,11.9,46.7,0
17.0,32.0,90.5,0.517,6.8,22.2,1
19.0,24.0,90.5,0.483,9.4,29.5,0
27.0,39.0,94.6,0.534,12.7,36.8,1
25.0,31.0,94.6,0.549,13.4,16.7,0
18.0,16.0,92.6,0.383,10.7,18.2,0
28.0,27.0,92.6,0.506,7.6,21.7,1
27.0,18.0,95.1,0.516,13.2,27.9,0
30.0,22.0,95.1,0.517,9.8,39.5,1
18.0,28.0,85.5,0.549,13.8,30.3,0
31.0,20.0,85.5,0.52,13.5,33.3,1
29.0,24.0,90.9,0.518,13.5,42.5,1
19.0,29.0,90.9,0.475,11.6,25.0,0
28.0,16.0,85.4,0.635,13.6,21.9,1
30.0,28.0,85.4,0.468,10.9,34.1,0
21.0,29.0,87.6,0.488,11.0,23.8,0
19.0,28.0,87.6,0.517,9.9,26.8,1
21.0,32.0,91.2,0.517,15.0,37.2,0
27.0,33.0,91.2,0.57,13.2,24.4,1
28.0,26.0,92.4,0.605,14.6,27.0,1
14.0,26.0,92.4,0.506,13.3,23.8,0
22.0,25.0,88.3,0.486,15.2,23.1,0
32.0,28.0,88.3,0.605,13.4,21.2,1
28.0,19.0,93.5,0.4,12.8,27.9,1
22.0,27.0,93.5,0.4,14.1,31.9,0
24.0,28.0,95.0,0.581,19.5,24.2,1
21.0,22.0,95.0,0.417,9.5,27.7,0
21.0,19.0,87.2,0.348,13.2,40.4,0
25.0,23.0,87.2,0.527,12.0,29.4,1
33.0,22.0,94.8,0.597,18.0,24.2,0
31.0,26.0,94.8,0.532,9.6,36.4,1
23.0,22.0,93.1,0.592,19.3,12.1,1
19.0,17.0,93.1,0.462,15.3,22.0,0
28.0,32.0,95.6,0.526,19.0,31.6,0
30.0,36.0,95.6,0.625,12.6,34.1,1
27.0,18.0,84.9,0.39,15.3,48.1,1
23.0,13.0,84.9,0.394,14.2,32.0,0
14.0,26.0,89.1,0.479,17.6,17.9,0
23.0,32.0,89.1,0.569,16.1,23.3,1
27.0,21.0,99.7,0.539,13.3,25.6,0
30.0,21.0,99.7,0.594,11.8,22.5,1
26.0,20.0,87.8,0.451,19.4,21.4,0
27.0,20.0,87.8,0.406,7.5,28.3,1
27.0,36.0,93.3,0.555,12.4,21.1,0
35.0,25.0,93.3,0.584,9.6,27.0,1
15.0,22.0,84.3,0.387,14.2,36.0,0
19.0,24.0,84.3,0.481,11.4,23.1,1
25.0,26.0,92.5,0.52,18.6,20.0,0
22.0,29.0,92.5,0.551,15.4,25.6,1
20.0,25.0,87.1,0.513,10.4,20.6,1
23.0,25.0,87.1,0.5,16.1,36.6,0
28.0,17.0,90.5,0.425,14.4,21.1,0
18.0,30.0,90.5,0.519,10.0,23.8,1
12.0,23.0,94.8,0.39,17.7,22.9,0
24.0,16.0,94.8,0.41,12.1,20.0,1
27.0,17.0,98.5,0.484,12.5,21.4,0
22.0,25.0,98.5,0.457,14.4,26.8,1
24.0,23.0,93.9,0.456,16.1,34.5,1
27.0,25.0,93.9,0.488,14.2,14.0,0
17.0,28.0,86.4,0.475,15.4,50.0,1
21.0,22.0,86.4,0.5,16.6,31.6,0
24.0,21.0,91.3,0.476,15.4,37.0,1
21.0,24.0,91.3,0.39,12.1,27.1,0
26.0,21.0,97.2,0.39,12.3,26.8,0
24.0,17.0,97.2,0.451,12.1,29.2,1
21.0,25.0,92.3,0.507,19.5,26.7,1
26.0,22.0,92.3,0.379,9.0,26.9,0
16.0,17.0,89.7,0.457,12.5,28.6,0
20.0,19.0,89.7,0.521,11.0,20.0,1
30.0,19.0,85.6,0.53,9.9,29.5,1
16.0,16.0,85.6,0.478,14.2,12.2,0
29.0,18.0,91.2,0.476,10.4,27.3,0
22.0,33.0,91.2,0.524,7.9,20.0,1
19.0,24.0,89.7,0.466,16.7,41.3,0
18.0,22.0,89.7,0.484,11.4,20.4,1
26.0,30.0,94.7,0.636,16.6,20.0,1
26.0,26.0,94.7,0.552,12.4,2.8,0
21.0,23.0,93.3,0.519,13.6,24.3,0
22.0,23.0,93.3,0.436,10.9,25.0,1
23.0,25.0,88.8,0.384,6.8,21.6,0
21.0,24.0,88.8,0.483,14.8,34.9,1
26.0,31.0,94.4,0.604,13.9,13.9,0
35.0,30.0,94.4,0.571,12.1,25.6,1
20.0,27.0,83.0,0.494,8.2,31.1,0
33.0,28.0,83.0,0.58,15.3,36.4,1
19.0,24.0,98.1,0.411,11.9,31.4,0
24.0,27.0,98.1,0.48,20.8,23.8,1
27.0,23.0,83.7,0.457,8.0,33.3,0
32.0,22.0,83.7,0.516,7.1,34.7,1
29.0,25.0,93.7,0.445,8.8,27.6,0
25.0,27.0,93.7,0.523,13.0,27.9,1
25.0,32.0,94.2,0.5,18.1,33.3,1
15.0,21.0,94.2,0.438,13.0,32.7,0
20.0,33.0,90.7,0.468,11.5,34.7,0
17.0,26.0,90.7,0.525,16.5,30.0,1
8.0,18.0,93.9,0.347,12.9,22.8,0
26.0,19.0,93.9,0.464,13.3,20.5,1
27.0,16.0,90.0,0.435,18.4,31.7,0
32.0,25.0,90.0,0.643,13.3,26.9,1
28.0,28.0,95.2,0.538,19.6,15.8,0
31.0,40.0,95.2,0.586,15.0,25.0,1
20.0,35.0,95.2,0.506,15.2,22.2,0
29.0,31.0,95.2,0.544,14.2,20.0,1
16.0,13.0,81.8,0.431,18.1,41.5,0
23.0,23.0,81.8,0.5,15.6,28.2,1
23.0,21.0,97.0,0.609,20.0,19.4,1
23.0,17.0,97.0,0.422,12.1,17.1,0
17.0,21.0,93.4,0.481,13.7,22.2,0
31.0,24.0,93.4,0.506,10.2,22.9,1
25.0,22.0,87.3,0.449,11.0,22.5,0
25.0,19.0,87.3,0.487,13.5,34.9,1
23.0,23.0,99.6,0.529,14.0,13.6,0
32.0,27.0,99.6,0.596,12.1,31.4,1
25.0,31.0,92.9,0.506,9.7,16.7,1
25.0,20.0,92.9,0.451,11.4,38.0,0
21.0,28.0,86.7,0.527,17.6,29.7,0
26.0,24.0,86.7,0.547,14.5,43.3,1
25.0,28.0,90.1,0.471,11.5,41.5,0
31.0,32.0,90.1,0.569,16.9,36.4,1
28.0,22.0,86.9,0.596,17.3,19.4,0
30.0,26.0,86.9,0.55,9.2,22.2,1
23.0,17.0,89.3,0.429,12.9,38.6,0
31.0,22.0,89.3,0.609,12.3,16.7,1
27.0,22.0,89.1,0.563,13.0,18.8,0
21.0,31.0,89.1,0.452,10.1,40.5,1
19.0,33.0,92.8,0.48,14.0,18.4,0
34.0,19.0,92.8,0.553,17.2,21.1,1
24.0,26.0,104.0,0.561,16.4,26.8,1
27.0,24.0,104.0,0.424,13.0,15.3,0
23.0,11.0,88.7,0.413,9.6,23.9,0
23.0,26.0,88.7,0.462,12.5,31.7,1
20.0,29.0,91.0,0.532,9.7,25.0,0
29.0,33.0,91.0,0.587,17.4,29.0,1
20.0,21.0,87.9,0.415,14.6,40.0,1
17.0,17.0,87.9,0.449,8.9,22.7,0
35.0,13.0,86.9,0.477,10.3,36.7,1
30.0,19.0,86.9,0.533,13.2,33.3,0
19.0,22.0,86.4,0.475,15.6,42.5,0
32.0,25.0,86.4,0.581,13.7,40.0,1
22.0,20.0,88.6,0.482,14.7,12.5,1
21.0,20.0,88.6,0.398,14.7,34.0,0
20.0,15.0,89.0,0.481,16.0,22.5,0
24.0,28.0,89.0,0.451,10.6,40.5,1
20.0,23.0,88.4,0.424,13.0,31.9,0
32.0,19.0,88.4,0.567,14.3,26.5,1
28.0,28.0,92.4,0.532,17.8,27.0,0
22.0,35.0,92.4,0.589,10.6,26.3,1
22.0,22.0,95.0,0.481,11.7,34.7,1
34.0,20.0,95.0,0.517,15.5,22.7,0
34.0,26.0,91.2,0.494,11.6,25.0,0
34.0,24.0,91.2,0.537,8.1,15.8,1
20.0,19.0,92.7,0.466,9.0,13.7,1
21.0,18.0,92.7,0.391,9.1,27.4,0
20.0,17.0,81.3,0.424,12.8,34.7,0
23.0,16.0,81.3,0.456,10.8,35.3,1
23.0,30.0,86.3,0.476,11.4,33.3,1
30.0,12.0,86.3,0.469,14.5,37.8,0
24.0,28.0,91.4,0.459,10.0,32.7,0
28.0,26.0,91.4,0.581,15.1,32.4,1
30.0,24.0,87.2,0.613,15.6,22.6,1
26.0,28.0,87.2,0.582,14.3,21.6,0
22.0,9.0,80.5,0.434,16.2,37.8,0
20.0,22.0,80.5,0.493,15.1,27.0,1
19.0,26.0,88.9,0.329,11.0,19.6,0
24.0,26.0,88.9,0.596,13.7,25.7,1
19.0,19.0,88.1,0.582,16.3,41.9,0
30.0,21.0,88.1,0.513,11.4,34.2,1
32.0,26.0,90.7,0.644,14.5,28.6,1
22.0,22.0,90.7,0.433,9.3,31.3,0
34.0,20.0,93.1,0.506,14.7,18.4,1
27.0,19.0,93.1,0.369,16.1,30.4,0
28.0,22.0,94.0,0.535,14.9,25.0,0
38.0,18.0,94.0,0.608,13.2,30.0,1
21.0,18.0,96.7,0.392,15.8,19.6,1
24.0,20.0,96.7,0.355,16.7,27.3,0
17.0,25.0,92.1,0.488,14.2,25.0,0
22.0,25.0,92.1,0.507,16.0,31.7,1
27.0,22.0,93.4,0.494,15.8,30.0,1
22.0,22.0,93.4,0.476,12.6,17.0,0
20.0,26.0,88.8,0.474,15.7,23.7,0
28.0,23.0,88.8,0.467,8.5,29.4,1
19.0,25.0,91.0,0.463,12.9,34.7,1
17.0,28.0,91.0,0.433,16.6,19.5,0
16.0,20.0,88.7,0.37,13.5,24.4,0
19.0,24.0,88.7,0.536,18.5,34.5,1
16.0,17.0,93.1,0.378,17.3,27.1,0
26.0,36.0,93.1,0.605,11.6,23.5,1
22.0,18.0,88.8,0.415,15.6,46.7,0
19.0,25.0,88.8,0.481,9.8,26.2,1
14.0,21.0,90.7,0.426,16.7,17.1,0
33.0,22.0,90.7,0.525,11.5,31.6,1
30.0,14.0,90.0,0.555,14.3,20.5,1
22.0,18.0,90.0,0.493,17.3,14.3,0
31.0,24.0,88.1,0.54,16.7,18.8,1
17.0,28.0,88.1,0.459,18.8,26.7,0
29.0,24.0,94.9,0.46,13.8,34.0,0
29.0,34.0,94.9,0.592,13.4,40.5,1
26.0,29.0,94.7,0.589,15.0,22.2,1
23.0,25.0,94.7,0.442,14.0,36.7,0
16.0,23.0,84.1,0.407,10.5,34.6,0
25.0,16.0,84.1,0.472,16.8,22.9,1
26.0,19.0,97.1,0.512,13.7,22.7,0
27.0,28.0,97.1,0.558,14.9,23.1,1
32.0,24.0,95.8,0.513,17.3,26.8,0
26.0,32.0,95.8,0.517,9.6,17.1,1
26.0,31.0,90.3,0.541,16.0,50.0,1
24.0,20.0,90.3,0.564,11.5,24.4,0
26.0,19.0,93.4,0.37,19.8,24.4,0
19.0,21.0,93.4,0.534,18.8,15.6,1
22.0,28.0,85.1,0.558,10.0,31.7,1
23.0,25.0,85.1,0.518,9.9,33.3,0
25.0,21.0,94.0,0.512,13.6,29.5,0
26.0,25.0,94.0,0.638,13.7,37.5,1
21.0,12.0,90.7,0.431,21.4,28.2,0
23.0,14.0,90.7,0.424,11.3,23.9,1
16.0,22.0,94.8,0.392,9.9,24.5,0
11.0,27.0,94.8,0.437,13.2,32.0,1
19.0,22.0,90.2,0.481,16.3,31.0,0
29.0,22.0,90.2,0.605,8.4,9.4,1
25.0,27.0,91.5,0.451,15.6,40.4,0
29.0,23.0,91.5,0.547,19.0,45.7,1
31.0,22.0,83.3,0.524,7.3,28.2,1
21.0,21.0,83.3,0.455,9.4,21.1,0
29.0,25.0,88.7,0.488,8.8,22.7,1
27.0,25.0,88.7,0.467,12.2,20.5,0
24.0,21.0,92.6,0.519,14.1,11.4,0
29.0,21.0,92.6,0.531,12.5,25.0,1
23.0,24.0,88.5,0.457,10.9,22.4,0
26.0,26.0,88.5,0.494,12.6,31.6,1
23.0,21.0,85.3,0.537,11.9,26.7,1
26.0,17.0,85.3,0.5,12.8,34.1,0
11.0,18.0,91.7,0.371,13.9,29.4,0
25.0,25.0,91.7,0.468,11.9,26.0,1
28.0,20.0,90.5,0.514,16.2,21.1,0
31.0,21.0,90.5,0.531,16.1,28.2,1
37.0,30.0,98.0,0.569,12.4,30.0,0
27.0,39.0,98.0,0.62,14.5,27.8,1
24.0,23.0,88.6,0.441,16.8,23.3,0
29.0,29.0,88.6,0.616,5.1,21.1,1
19.0,11.0,89.7,0.48,17.2,25.0,0
32.0,20.0,89.7,0.558,10.4,21.6,1
21.0,19.0,91.4,0.451,15.2,25.0,0
22.0,22.0,91.4,0.481,13.8,22.0,1
30.0,16.0,86.7,0.551,13.9,28.9,1
13.0,22.0,86.7,0.407,14.4,32.0,0
27.0,14.0,92.0,0.384,14.9,34.0,0
15.0,27.0,92.0,0.455,13.8,27.7,1
21.0,40.0,100.1,0.547,11.2,12.8,1
25.0,26.0,100.1,0.453,9.6,23.5,0
30.0,27.0,89.3,0.538,16.1,28.9,0
30.0,17.0,89.3,0.511,6.7,32.0,1
19.0,32.0,91.4,0.533,11.2,28.9,1
21.0,27.0,91.4,0.54,13.3,20.5,0
31.0,35.0,98.1,0.541,14.5,23.1,0
28.0,24.0,98.1,0.506,14.1,45.1,1
24.0,16.0,87.2,0.353,9.7,37.0,0
19.0,14.0,87.2,0.452,10.6,31.3,1
18.0,33.0,91.8,0.478,7.5,24.4,1
22.0,25.0,91.8,0.5,12.8,22.0,0
17.0,14.0,78.7,0.434,15.7,44.2,0
24.0,25.0,78.7,0.555,8.4,38.2,1
22.0,32.0,90.7,0.494,9.1,28.9,1
25.0,21.0,90.7,0.628,17.4,28.1,0
29.0,27.0,91.4,0.659,12.9,7.7,1
38.0,25.0,91.4,0.505,10.6,34.0,0
25.0,20.0,85.2,0.375,11.6,32.7,1
18.0,21.0,85.2,0.411,18.8,30.2,0
25.0,22.0,98.8,0.5,15.5,34.1,0
28.0,34.0,98.8,0.411,8.0,35.6,1
20.0,22.0,88.1,0.5,14.9,20.5,0
23.0,26.0,88.1,0.494,16.2,39.5,1
22.0,18.0,91.7,0.617,15.1,20.6,1
20.0,21.0,91.7,0.452,12.3,24.5,0
24.0,23.0,93.1,0.506,11.1,25.0,0
22.0,23.0,93.1,0.525,9.8,20.5,1
27.0,26.0,95.4,0.525,18.2,28.2,0
30.0,23.0,95.4,0.484,11.9,39.6,1
21.0,22.0,96.9,0.476,11.8,25.0,0
32.0,25.0,96.9,0.551,15.2,17.6,1
21.0,28.0,89.8,0.495,7.6,20.8,1
22.0,23.0,89.8,0.512,11.8,31.6,0
27.0,23.0,87.7,0.5,15.2,27.0,1
28.0,22.0,87.7,0.394,9.4,28.6,0
39.0,25.0,89.7,0.513,10.0,23.7,1
23.0,36.0,89.7,0.481,15.5,36.6,0
14.0,28.0,86.6,0.468,10.1,21.4,0
31.0,20.0,86.6,0.506,12.8,31.7,1
26.0,22.0,101.5,0.435,19.2,22.9,0
23.0,29.0,101.5,0.533,14.6,28.6,1
30.0,26.0,89.6,0.544,9.1,20.9,1
16.0,23.0,89.6,0.453,11.4,24.5,0
29.0,24.0,97.7,0.442,10.1,21.3,0
23.0,29.0,97.7,0.5,13.4,25.0,1
18.0,23.0,97.4,0.446,10.2,17.0,0
24.0,34.0,97.4,0.506,14.9,33.3,1
23.0,24.0,89.6,0.448,18.4,30.2,0
23.0,19.0,89.6,0.422,11.9,19.5,1
37.0,22.0,93.2,0.549,6.6,23.4,1
27.0,12.0,93.2,0.461,13.7,16.7,0
29.0,28.0,91.6,0.5,15.3,27.5,1
18.0,32.0,91.6,0.447,11.1,28.3,0
30.0,24.0,89.3,0.5,11.1,17.9,0
26.0,24.0,89.3,0.541,13.0,37.5,1
29.0,25.0,90.5,0.561,10.4,34.1,1
19.0,20.0,90.5,0.489,11.8,31.9,0
28.0,30.0,84.1,0.555,8.1,36.1,1
19.0,30.0,84.1,0.571,8.7,15.2,0
18.0,23.0,90.0,0.459,7.8,23.3,1
18.0,21.0,90.0,0.513,17.7,25.0,0
21.0,32.0,91.3,0.463,10.4,28.0,0
28.0,22.0,91.3,0.436,8.5,42.6,1
20.0,16.0,93.8,0.385,16.5,21.6,0
22.0,25.0,93.8,0.457,19.7,30.2,1
20.0,25.0,85.6,0.556,16.4,31.4,1
27.0,23.0,85.6,0.533,13.0,12.5,0
22.0,33.0,95.5,0.494,14.8,37.5,0
22.0,25.0,95.5,0.542,12.7,26.8,1
20.0,19.0,91.3,0.469,16.4,15.9,0
26.0,17.0,91.3,0.384,7.5,27.0,1
30.0,18.0,97.2,0.4,15.2,12.8,0
16.0,29.0,97.2,0.43,16.5,22.7,1
21.0,26.0,103.2,0.447,15.4,18.5,0
30.0,27.0,103.2,0.586,15.5,18.2,1
24.0,23.0,97.8,0.445,13.6,25.0,0
32.0,36.0,97.8,0.566,9.4,34.1,1
29.0,22.0,79.5,0.418,8.5,32.4,0
22.0,22.0,79.5,0.56,12.1,22.6,1
38.0,35.0,95.0,0.661,10.2,28.1,1
23.0,35.0,95.0,0.506,10.6,16.3,0
24.0,20.0,92.3,0.369,13.5,27.5,0
24.0,26.0,92.3,0.481,18.1,27.8,1
27.0,28.0,86.2,0.527,9.1,27.8,1
18.0,27.0,86.2,0.462,12.4,44.4,0
21.0,32.0,100.8,0.527,10.5,25.0,1
23.0,20.0,100.8,0.569,17.6,12.1,0
26.0,16.0,94.6,0.519,18.7,27.3,0
22.0,32.0,94.6,0.554,9.6,37.8,1
32.0,20.0,86.8,0.487,13.7,32.6,1
13.0,23.0,86.8,0.468,15.9,26.8,0
25.0,18.0,91.1,0.5,16.9,22.5,0
22.0,20.0,91.1,0.63,16.7,7.4,1
34.0,22.0,91.3,0.471,9.5,20.0,1
24.0,15.0,91.3,0.44,17.8,23.9,0
21.0,30.0,96.4,0.488,17.0,30.2,1
23.0,27.0,96.4,0.477,7.6,13.7,0
27.0,22.0,93.7,0.514,17.6,15.8,1
24.0,33.0,93.7,0.449,18.3,30.8,0
26.0,10.0,84.9,0.455,14.2,26.8,0
33.0,25.0,84.9,0.494,8.7,34.9,1
28.0,29.0,86.0,0.578,8.7,42.1,1
34.0,25.0,86.0,0.559,13.1,41.5,0
26.0,22.0,94.8,0.59,15.9,16.1,0
19.0,32.0,94.8,0.5,8.1,27.1,1
18.0,19.0,84.8,0.5,7.4,22.5,0
27.0,20.0,84.8,0.52,9.2,26.5,1
18.0,27.0,91.5,0.552,17.5,27.3,1
22.0,20.0,91.5,0.494,12.3,12.5,0
35.0,11.0,94.0,0.5,14.5,34.1,1
34.0,22.0,94.0,0.428,13.4,27.3,0
27.0,26.0,94.5,0.512,17.3,31.1,0
23.0,31.0,94.5,0.592,7.7,19.4,1
27.0,29.0,102.6,0.598,15.5,17.1,1
30.0,27.0,102.6,0.505,11.0,20.4,0
20.0,18.0,87.4,0.487,14.3,21.1,0
26.0,19.0,87.4,0.649,15.4,7.7,1
26.0,22.0,89.9,0.426,12.0,30.4,0
30.0,28.0,89.9,0.561,10.7,33.3,1
19.0,15.0,88.9,0.372,14.4,19.6,0
20.0,28.0,88.9,0.404,6.6,23.4,1
25.0,26.0,83.3,0.551,10.4,25.0,1
26.0,18.0,83.3,0.559,12.0,21.9,0
22.0,25.0,89.9,0.488,14.3,25.6,1
25.0,24.0,89.9,0.46,14.8,36.7,0
23.0,32.0,96.4,0.46,16.3,30.0,0
14.0,32.0,96.4,0.506,11.2,17.0,1
24.0,29.0,94.3,0.5,8.7,15.9,1
24.0,28.0,94.3,0.451,14.5,31.8,0
20.0,21.0,92.0,0.36,13.2,19.2,1
18.0,10.0,92.0,0.35,14.3,23.5,0
27.0,26.0,95.9,0.554,21.3,17.5,0
28.0,20.0,95.9,0.46,10.3,17.3,1
29.0,22.0,88.9,0.488,10.3,34.7,1
27.0,23.0,88.9,0.457,11.5,27.9,0
22.0,29.0,99.1,0.433,11.7,19.6,0
23.0,31.0,99.1,0.507,16.8,14.3,1
12.0,11.0,88.8,0.389,11.5,27.1,0
28.0,16.0,88.8,0.44,12.0,32.5,1
24.0,20.0,93.6,0.518,12.9,20.0,1
22.0,21.0,93.6,0.519,16.4,15.4,0
23.0,23.0,91.5,0.39,15.1,30.8,0
19.0,30.0,91.5,0.438,7.8,41.4,1
20.0,35.0,97.0,0.548,16.9,30.8,0
26.0,31.0,97.0,0.448,11.2,36.2,1
18.0,26.0,84.8,0.452,10.0,27.1,0
22.0,34.0,84.8,0.472,10.5,21.1,1
26.0,14.0,89.3,0.475,13.9,21.6,1
26.0,20.0,89.3,0.426,14.9,22.2,0
28.0,27.0,90.0,0.462,11.0,23.1,1
22.0,23.0,90.0,0.462,11.9,31.8,0
17.0,17.0,81.1,0.466,16.1,28.6,0
20.0,19.0,81.1,0.41,10.5,38.8,1
31.0,26.0,86.9,0.531,17.6,25.0,1
19.0,24.0,86.9,0.52,14.5,18.9,0
27.0,25.0,93.7,0.471,11.2,28.3,0
18.0,28.0,93.7,0.536,13.4,16.7,1
31.0,16.0,90.5,0.468,13.8,19.0,0
31.0,22.0,90.5,0.667,13.2,23.3,1
31.0,27.0,92.9,0.488,11.8,29.3,0
25.0,23.0,92.9,0.608,6.1,11.1,1
24.0,21.0,94.3,0.5,18.6,18.4,0
27.0,22.0,94.3,0.494,13.0,22.5,1
30.0,13.0,81.4,0.429,9.1,35.3,0
14.0,17.0,81.4,0.505,9.9,21.7,1
20.0,18.0,91.0,0.428,15.2,36.7,1
24.0,19.0,91.0,0.451,21.6,37.5,0
28.0,25.0,91.1,0.452,14.0,36.4,0
24.0,30.0,91.1,0.551,19.1,25.0,1
25.0,19.0,94.0,0.447,11.5,19.1,0
32.0,26.0,94.0,0.553,16.5,17.9,1
22.0,19.0,88.8,0.451,12.0,20.9,0
29.0,24.0,88.8,0.506,15.3,34.1,1
32.0,31.0,89.0,0.574,11.2,37.8,1
23.0,29.0,89.0,0.609,14.5,21.2,0
26.0,35.0,92.6,0.5,13.6,19.4,0
21.0,31.0,92.6,0.548,16.3,38.9,1
29.0,21.0,91.2,0.408,11.0,28.6,0
30.0,18.0,91.2,0.529,14.2,28.3,1
23.0,19.0,89.5,0.421,14.1,32.6,0
21.0,22.0,89.5,0.494,11.5,27.3,1
14.0,19.0,88.8,0.391,17.7,10.8,0
15.0,26.0,88.8,0.476,9.6,29.2,1
25.0,19.0,94.3,0.5,12.1,27.1,1
14.0,27.0,94.3,0.482,17.1,28.9,0
26.0,27.0,100.1,0.545,9.7,22.2,1
19.0,25.0,100.1,0.399,9.9,18.5,0
25.0,26.0,89.9,0.576,13.8,32.4,1
29.0,21.0,89.9,0.487,10.8,20.0,0
21.0,20.0,85.5,0.433,17.5,35.0,0
21.0,16.0,85.5,0.453,13.5,20.6,1
21.0,25.0,86.1,0.535,14.1,14.3,1
22.0,17.0,86.1,0.404,10.0,22.9,0
10.0,26.0,87.9,0.424,21.1,23.8,0
29.0,23.0,87.9,0.557,12.0,26.8,1
24.0,32.0,90.6,0.567,10.6,29.7,1
27.0,23.0,90.6,0.404,12.1,26.9,0
25.0,32.0,91.8,0.506,16.7,26.2,0
26.0,22.0,91.8,0.468,12.9,36.2,1
28.0,29.0,89.7,0.543,11.8,24.3,0
30.0,25.0,89.7,0.512,8.6,26.5,1
20.0,19.0,87.8,0.506,16.7,28.9,0
25.0,26.0,87.8,0.543,11.8,28.9,1
28.0,27.0,88.4,0.471,11.2,39.1,1
10.0,22.0,88.4,0.453,15.1,18.9,0
27.0,24.0,92.0,0.575,13.4,28.9,1
23.0,25.0,92.0,0.554,16.2,25.0,0
20.0,31.0,79.6,0.519,13.9,42.1,0
21.0,20.0,79.6,0.531,10.5,34.1,1
33.0,25.0,89.2,0.588,10.1,44.7,1
21.0,30.0,89.2,0.374,7.8,37.5,0
22.0,25.0,94.1,0.455,11.5,17.4,0
28.0,26.0,94.1,0.506,6.9,12.2,1
21.0,25.0,82.7,0.481,11.4,31.6,1
20.0,16.0,82.7,0.458,15.9,21.1,0
19.0,18.0,86.2,0.387,16.0,23.3,0
22.0,19.0,86.2,0.413,16.9,38.3,1
27.0,26.0,98.6,0.577,16.1,15.8,1
18.0,36.0,98.6,0.483,14.9,26.5,0
16.0,29.0,92.6,0.494,15.3,20.9,0
29.0,25.0,92.6,0.471,10.9,34.9,1
17.0,15.0,97.4,0.443,14.4,29.4,0
25.0,28.0,97.4,0.573,16.6,17.6,1
14.0,22.0,89.6,0.428,14.6,36.7,0
31.0,27.0,89.6,0.529,7.1,17.5,1
26.0,22.0,84.8,0.476,14.3,40.9,1
17.0,16.0,84.8,0.474,13.0,28.6,0
22.0,19.0,83.6,0.463,9.2,26.2,0
24.0,21.0,83.6,0.534,12.4,33.3,1
29.0,35.0,85.4,0.6,13.9,37.1,1
23.0,23.0,85.4,0.564,15.3,32.4,0
22.0,26.0,88.0,0.506,12.3,32.6,0
19.0,31.0,88.0,0.569,11.5,18.8,1
27.0,31.0,105.5,0.474,12.0,16.7,0
35.0,22.0,105.5,0.477,12.5,26.5,1
22.0,24.0,87.5,0.527,14.5,20.0,0
23.0,21.0,87.5,0.474,13.1,38.1,1
26.0,16.0,90.5,0.453,8.7,39.6,0
24.0,24.0,90.5,0.455,9.9,32.7,1
23.0,20.0,87.1,0.453,16.8,50.0,0
28.0,23.0,87.1,0.552,8.4,14.6,1
18.0,27.0,94.8,0.413,17.4,41.9,0
27.0,26.0,94.8,0.465,13.3,26.7,1
20.0,18.0,88.9,0.494,13.9,20.9,1
23.0,21.0,88.9,0.411,11.0,27.3,0
18.0,27.0,93.4,0.482,13.9,30.2,1
25.0,26.0,93.4,0.431,9.8,26.4,0
26.0,19.0,87.1,0.438,8.5,28.3,0
28.0,21.0,87.1,0.669,15.9,8.3,1
28.0,24.0,93.0,0.483,9.9,29.2,0
33.0,36.0,93.0,0.633,9.9,21.9,1
20.0,33.0,93.5,0.384,13.4,34.0,0
23.0,28.0,93.5,0.569,14.6,15.8,1
18.0,21.0,85.7,0.4,19.1,33.3,0
27.0,18.0,85.7,0.527,12.7,24.3,1
17.0,29.0,94.2,0.382,14.6,22.0,0
23.0,24.0,94.2,0.426,14.2,34.0,1
19.0,19.0,82.4,0.513,12.8,26.3,0
23.0,25.0,82.4,0.524,7.2,28.2,1
13.0,20.0,89.5,0.5,15.7,11.6,0
24.0,14.0,89.5,0.469,12.8,23.3,1
22.0,36.0,89.9,0.5,13.6,39.5,0
33.0,24.0,89.9,0.653,10.9,27.0,1
33.0,39.0,98.4,0.571,10.4,32.6,0
36.0,32.0,98.4,0.564,7.9,28.2,1
22.0,20.0,78.1,0.435,9.3,47.8,0
24.0,24.0,78.1,0.556,6.8,29.0,1
33.0,19.0,95.4,0.603,17.3,25.8,1
19.0,34.0,95.4,0.401,7.9,25.0,0
25.0,24.0,94.9,0.433,14.6,25.0,0
23.0,23.0,94.9,0.494,13.7,27.3,1
21.0,32.0,98.1,0.388,7.7,30.9,0
19.0,32.0,98.1,0.435,9.6,22.2,1
19.0,26.0,92.6,0.464,17.5,31.9,1
24.0,18.0,92.6,0.41,12.0,22.2,0
33.0,22.0,96.9,0.519,15.7,26.8,1
22.0,22.0,96.9,0.431,14.9,15.4,0
17.0,17.0,90.6,0.341,11.7,22.2,0
24.0,23.0,90.6,0.478,10.8,32.0,1
27.0,24.0,89.6,0.411,6.2,33.3,0
31.0,26.0,89.6,0.6,10.7,31.6,1
23.0,23.0,93.4,0.468,15.7,17.8,0
20.0,24.0,93.4,0.466,16.3,40.0,1
18.0,25.0,91.9,0.447,20.9,26.8,0
29.0,23.0,91.9,0.421,13.3,35.4,1
29.0,27.0,98.8,0.494,14.1,28.6,1
22.0,45.0,98.8,0.462,8.9,20.4,0
19.0,16.0,84.4,0.449,16.8,30.2,0
21.0,27.0,84.4,0.558,11.9,38.5,1
19.0,33.0,93.0,0.465,11.4,24.4,0
18.0,27.0,93.0,0.539,11.3,5.7,1
23.0,28.0,88.4,0.529,18.7,24.2,0
29.0,22.0,88.4,0.457,9.1,15.9,1
17.0,21.0,85.2,0.454,15.9,15.4,0
25.0,14.0,85.2,0.539,16.4,32.4,1
19.0,23.0,95.9,0.397,9.9,26.1,0
24.0,22.0,95.9,0.543,10.8,27.3,1
21.0,34.0,100.6,0.5,15.0,31.9,1
26.0,21.0,100.6,0.495,14.8,30.6,0
24.0,18.0,96.4,0.544,18.2,21.6,0
30.0,27.0,96.4,0.61,13.8,23.7,1
20.0,26.0,90.9,0.459,18.4,25.0,0
26.0,32.0,90.9,0.596,16.2,18.2,1
25.0,23.0,92.4,0.46,11.2,25.6,1
26.0,19.0,92.4,0.418,13.6,19.6,0
24.0,28.0,81.3,0.455,14.2,32.5,1
7.0,22.0,81.3,0.427,12.4,32.6,0
22.0,18.0,89.3,0.478,9.6,24.4,0
31.0,21.0,89.3,0.529,20.5,34.4,1
20.0,22.0,91.5,0.455,14.9,36.5,1
29.0,23.0,91.5,0.403,10.8,20.4,0
23.0,28.0,84.6,0.477,8.9,30.4,0
26.0,26.0,84.6,0.5,9.4,23.9,1
18.0,18.0,92.0,0.446,14.8,29.5,0
25.0,23.0,92.0,0.486,14.2,10.5,1
25.0,26.0,88.4,0.476,10.5,28.3,1
26.0,20.0,88.4,0.559,18.7,34.3,0
33.0,12.0,92.1,0.613,16.0,14.7,1
17.0,17.0,92.1,0.381,13.4,23.5,0
29.0,25.0,92.1,0.476,15.5,32.6,0
31.0,28.0,92.1,0.611,14.0,18.8,1
14.0,25.0,97.8,0.493,18.7,21.4,0
36.0,29.0,97.8,0.679,14.8,21.1,1
17.0,20.0,83.7,0.532,11.7,26.5,1
16.0,18.0,83.7,0.461,20.7,25.6,0
36.0,26.0,92.0,0.61,9.8,29.4,1
27.0,29.0,92.0,0.482,10.7,16.7,0
28.0,24.0,98.1,0.519,16.6,23.7,0
26.0,19.0,98.1,0.543,12.9,32.7,1
29.0,16.0,91.6,0.478,9.4,24.4,0
26.0,23.0,91.6,0.513,10.8,21.6,1
24.0,25.0,89.2,0.458,15.4,30.6,0
20.0,29.0,89.2,0.525,12.8,24.3,1
17.0,39.0,91.2,0.505,12.8,35.0,0
31.0,20.0,91.2,0.526,8.2,16.3,1
23.0,27.0,94.2,0.531,12.4,22.0,1
33.0,21.0,94.2,0.468,15.0,22.2,0
33.0,27.0,95.4,0.56,12.7,28.2,0
39.0,30.0,95.4,0.543,8.5,42.6,1
26.0,24.0,88.3,0.585,16.5,26.7,1
23.0,19.0,88.3,0.417,11.8,33.3,0
25.0,26.0,94.6,0.409,13.2,30.0,0
23.0,30.0,94.6,0.536,16.3,33.3,1
17.0,26.0,93.5,0.463,15.4,15.6,1
17.0,20.0,93.5,0.423,13.3,23.1,0
29.0,19.0,83.5,0.513,8.6,22.9,1
23.0,18.0,83.5,0.525,13.3,28.2,0
22.0,23.0,94.7,0.506,10.5,21.4,1
32.0,21.0,94.7,0.506,12.6,13.5,0
23.0,24.0,90.6,0.459,9.7,25.0,0
29.0,18.0,90.6,0.54,15.1,42.5,1
20.0,23.0,87.6,0.468,15.3,22.7,0
26.0,30.0,87.6,0.535,16.9,28.6,1
26.0,19.0,91.8,0.457,9.9,20.5,1
21.0,25.0,91.8,0.41,13.1,20.9,0
23.0,19.0,88.1,0.439,9.8,23.5,1
25.0,16.0,88.1,0.487,19.6,31.6,0
20.0,10.0,89.9,0.444,18.6,17.1,0
22.0,24.0,89.9,0.553,7.7,23.3,1
36.0,17.0,90.6,0.479,11.3,20.4,0
30.0,25.0,90.6,0.473,10.2,32.1,1
20.0,23.0,83.9,0.404,12.1,27.9,0
24.0,17.0,83.9,0.507,12.1,33.3,1
20.0,27.0,90.1,0.571,14.1,21.1,1
26.0,14.0,90.1,0.465,10.7,22.2,0
32.0,19.0,96.8,0.521,14.5,36.2,1
23.0,15.0,96.8,0.403,12.6,23.2,0
19.0,28.0,87.5,0.565,14.3,24.4,0
23.0,28.0,87.5,0.662,14.7,21.9,1
29.0,18.0,96.8,0.431,8.5,17.3,0
23.0,16.0,96.8,0.469,16.4,20.9,1
27.0,20.0,87.3,0.476,11.0,23.8,0
17.0,22.0,87.3,0.494,14.3,37.2,1
18.0,21.0,89.7,0.431,8.7,26.5,0
26.0,16.0,89.7,0.506,10.1,34.0,1
22.0,21.0,86.3,0.465,6.6,18.4,1
22.0,27.0,86.3,0.482,14.7,25.6,0
31.0,24.0,88.9,0.56,15.6,43.9,0
16.0,19.0,88.9,0.541,10.5,28.2,1
27.0,24.0,104.5,0.587,19.8,28.6,0
29.0,24.0,104.5,0.649,17.8,12.9,1
36.0,32.0,94.8,0.539,13.6,28.9,1
30.0,26.0,94.8,0.542,16.1,27.3,0
21.0,25.0,92.8,0.512,12.5,20.0,0
26.0,25.0,92.8,0.511,9.5,25.6,1
22.0,30.0,88.0,0.506,10.0,29.7,0
28.0,26.0,88.0,0.613,15.7,28.6,1
21.0,26.0,90.9,0.518,16.6,32.5,0
18.0,24.0,90.9,0.493,11.5,30.8,1
33.0,25.0,89.6,0.494,14.0,30.2,1
16.0,22.0,89.6,0.519,14.6,32.4,0
24.0,14.0,89.4,0.382,14.7,30.8,0
25.0,17.0,89.4,0.431,7.8,24.5,1
27.0,16.0,92.2,0.39,12.0,24.1,0
19.0,25.0,92.2,0.603,18.4,16.7,1
28.0,28.0,110.1,0.548,16.8,28.6,1
24.0,20.0,110.1,0.446,20.2,12.8,0
21.0,15.0,80.5,0.449,17.4,23.8,0
16.0,28.0,80.5,0.433,8.0,35.4,1
27.0,14.0,92.5,0.461,18.8,29.5,0
13.0,35.0,92.5,0.449,4.5,26.9,1
29.0,20.0,98.4,0.474,3.6,21.6,0
25.0,22.0,98.4,0.534,9.1,23.9,1
20.0,36.0,87.2,0.652,8.1,26.5,1
24.0,17.0,87.2,0.475,7.2,22.2,0
23.0,18.0,86.4,0.447,12.6,29.8,0
21.0,19.0,86.4,0.5,11.7,16.2,1
25.0,29.0,94.2,0.556,10.7,15.8,1
25.0,16.0,94.2,0.405,10.0,26.9,0
26.0,23.0,85.1,0.532,12.4,24.4,0
23.0,18.0,85.1,0.512,15.3,41.0,1
31.0,20.0,94.5,0.444,14.4,23.8,0
25.0,28.0,94.5,0.551,11.7,24.3,1
24.0,23.0,93.5,0.459,11.3,22.2,0
30.0,34.0,93.5,0.598,12.3,28.6,1
18.0,26.0,93.6,0.5,17.2,26.1,1
23.0,16.0,93.6,0.372,9.7,27.3,0
29.0,29.0,99.5,0.544,13.1,10.0,0
26.0,33.0,99.5,0.631,8.8,11.1,1
26.0,16.0,85.0,0.396,14.7,40.0,0
22.0,28.0,85.0,0.486,18.3,29.7,1
25.0,18.0,86.9,0.526,13.2,25.6,0
30.0,30.0,86.9,0.534,4.9,31.1,1
22.0,29.0,84.7,0.506,6.5,22.0,1
23.0,22.0,84.7,0.523,14.1,42.9,0
5.0,21.0,86.5,0.405,16.4,23.8,0
30.0,19.0,86.5,0.63,14.0,13.8,1
16.0,19.0,89.3,0.417,12.5,27.5,0
27.0,17.0,89.3,0.494,14.1,31.9,1
19.0,30.0,87.6,0.471,12.0,34.0,0
22.0,23.0,87.6,0.573,16.7,38.2,1
27.0,22.0,98.6,0.523,9.5,13.6,1
23.0,26.0,98.6,0.41,6.1,23.7,0
28.0,23.0,82.9,0.548,5.5,21.4,1
14.0,22.0,82.9,0.5,13.0,31.8,0
20.0,27.0,89.3,0.574,15.2,35.1,1
24.0,29.0,89.3,0.488,9.6,27.7,0
35.0,20.0,90.2,0.561,10.1,20.0,1
19.0,23.0,90.2,0.468,13.4,26.1,0
25.0,18.0,83.3,0.535,13.9,25.0,1
18.0,24.0,83.3,0.507,11.4,8.8,0
22.0,23.0,91.1,0.449,9.2,30.0,1
18.0,23.0,91.1,0.42,11.8,32.6,0
15.0,30.0,98.0,0.413,12.6,21.6,0
20.0,33.0,98.0,0.571,17.6,32.5,1
22.0,26.0,92.4,0.45,9.2,26.9,0
25.0,30.0,92.4,0.524,10.6,25.6,1
19.0,23.0,94.7,0.44,17.9,17.8,0
20.0,22.0,94.7,0.409,15.0,25.0,1
27.0,24.0,94.2,0.489,11.2,17.0,0
31.0,22.0,94.2,0.528,8.1,15.2,1
24.0,24.0,98.6,0.567,7.5,19.0,1
29.0,29.0,98.6,0.517,14.0,28.9,0
15.0,34.0,90.4,0.559,11.9,26.3,1
27.0,21.0,90.4,0.548,19.1,17.6,0
28.0,14.0,83.8,0.5,6.4,24.3,1
25.0,23.0,83.8,0.532,12.5,23.5,0
17.0,23.0,93.1,0.47,15.2,23.3,0
27.0,20.0,93.1,0.476,12.2,26.1,1
22.0,18.0,85.7,0.471,18.9,23.7,0
23.0,24.0,85.7,0.584,11.5,20.6,1
21.0,18.0,88.6,0.357,10.2,32.0,0
26.0,27.0,88.6,0.517,11.2,37.5,1
22.0,32.0,89.3,0.482,11.9,37.8,1
27.0,27.0,89.3,0.5,6.9,23.9,0
20.0,23.0,89.3,0.422,13.1,15.6,0
25.0,33.0,89.3,0.549,11.9,26.3,1
16.0,24.0,95.5,0.341,15.6,30.2,0
22.0,25.0,95.5,0.472,12.6,27.9,1
24.0,20.0,97.3,0.545,12.5,14.6,1
26.0,30.0,97.3,0.5,12.9,19.0,0
26.0,22.0,90.8,0.48,16.9,13.3,0
23.0,11.0,90.8,0.429,12.1,34.7,1
20.0,31.0,91.5,0.5,11.6,23.8,0
26.0,20.0,91.5,0.537,13.9,36.6,1
25.0,14.0,84.6,0.469,14.6,31.0,1
22.0,12.0,84.6,0.407,13.6,36.4,0
26.0,21.0,84.3,0.481,14.2,44.2,1
18.0,23.0,84.3,0.5,13.2,12.1,0
30.0,38.0,101.4,0.62,17.2,20.0,1
14.0,29.0,101.4,0.483,20.5,38.6,0
24.0,19.0,93.9,0.47,18.6,24.5,0
32.0,31.0,93.9,0.587,17.2,26.3,1
29.0,16.0,91.1,0.455,9.7,21.4,1
22.0,18.0,91.1,0.48,20.0,19.4,0
28.0,23.0,93.0,0.553,16.0,30.6,1
10.0,33.0,93.0,0.449,13.6,30.4,0
26.0,15.0,91.9,0.506,16.0,26.1,1
24.0,14.0,91.9,0.522,13.3,14.3,0
33.0,18.0,84.0,0.476,11.7,36.4,1
9.0,19.0,84.0,0.485,19.1,22.2,0
25.0,21.0,83.1,0.433,8.2,42.3,0
23.0,25.0,83.1,0.559,11.3,52.5,1
24.0,34.0,95.5,0.544,15.2,30.8,1
28.0,26.0,95.5,0.434,11.2,35.4,0
23.0,26.0,85.0,0.5,9.7,14.3,1
20.0,22.0,85.0,0.5,9.0,13.6,0
27.0,19.0,96.7,0.417,16.9,28.6,0
34.0,27.0,96.7,0.539,16.9,32.5,1
17.0,16.0,87.3,0.409,12.6,26.0,0
25.0,18.0,87.3,0.451,10.6,45.8,1
23.0,23.0,91.7,0.479,16.1,13.5,0
36.0,12.0,91.7,0.578,6.8,26.5,1
26.0,23.0,89.7,0.523,12.4,25.0,1
18.0,36.0,89.7,0.445,11.6,40.4,0
22.0,33.0,93.2,0.545,7.6,21.4,1
34.0,17.0,93.2,0.541,12.3,27.9,0
21.0,23.0,100.5,0.435,13.1,10.6,0
27.0,28.0,100.5,0.529,13.6,18.2,1
20.0,17.0,85.0,0.451,9.5,38.8,1
22.0,14.0,85.0,0.55,19.9,35.0,0
29.0,23.0,96.9,0.48,6.7,32.7,1
23.0,22.0,96.9,0.524,16.1,32.5,0
16.0,11.0,84.4,0.395,8.4,20.0,0
17.0,30.0,84.4,0.512,9.2,25.6,1
30.0,21.0,86.7,0.551,17.9,25.0,1
24.0,19.0,86.7,0.424,13.9,23.9,0
26.0,26.0,90.2,0.532,15.4,33.3,1
17.0,25.0,90.2,0.5,15.8,19.4,0
22.0,20.0,92.1,0.468,15.4,26.2,0
35.0,30.0,92.1,0.598,17.8,44.4,1
24.0,23.0,87.0,0.493,18.8,24.3,0
21.0,25.0,87.0,0.512,13.7,37.8,1
23.0,26.0,82.9,0.568,10.8,24.3,1
16.0,24.0,82.9,0.5,12.9,34.1,0
28.0,23.0,91.4,0.554,9.0,15.4,0
37.0,23.0,91.4,0.553,7.9,26.8,1
36.0,26.0,86.1,0.556,8.0,29.7,1
20.0,16.0,86.1,0.401,14.0,25.0,0
27.0,14.0,92.2,0.469,10.0,14.0,0
21.0,26.0,92.2,0.462,9.6,20.0,1
20.0,26.0,90.7,0.463,10.6,28.9,0
25.0,25.0,90.7,0.494,12.9,29.5,1
26.0,24.0,102.6,0.549,14.2,21.4,0
38.0,28.0,102.6,0.615,15.6,24.3,1
15.0,20.0,81.3,0.471,15.6,17.5,0
25.0,20.0,81.3,0.412,8.3,43.1,1
20.0,23.0,93.6,0.433,13.6,36.4,0
30.0,28.0,93.6,0.511,10.0,34.6,1
29.0,32.0,91.2,0.558,14.8,25.0,0
27.0,23.0,91.2,0.506,8.4,27.7,1
35.0,26.0,89.1,0.542,13.9,37.5,1
14.0,28.0,89.1,0.525,13.5,16.7,0
23.0,15.0,85.4,0.405,14.8,38.8,0
14.0,20.0,85.4,0.475,13.1,30.0,1
27.0,22.0,96.2,0.598,14.9,27.8,1
29.0,29.0,96.2,0.5,13.3,29.5,0
31.0,23.0,97.5,0.524,14.6,27.5,1
23.0,16.0,97.5,0.432,12.6,30.2,0
23.0,20.0,86.7,0.482,13.1,25.0,0
28.0,22.0,86.7,0.531,10.0,25.5,1
22.0,28.0,96.0,0.516,10.1,26.8,0
17.0,38.0,96.0,0.457,8.3,36.0,1
13.0,26.0,88.4,0.466,9.5,28.9,1
17.0,24.0,88.4,0.514,15.8,16.7,0
25.0,18.0,91.7,0.464,12.4,23.8,0
20.0,27.0,91.7,0.544,19.2,38.5,1
33.0,10.0,89.0,0.46,21.4,25.0,0
25.0,29.0,89.0,0.446,14.9,35.6,1
22.0,20.0,87.9,0.451,18.7,27.5,0
29.0,30.0,87.9,0.546,12.0,27.0,1
30.0,30.0,101.3,0.505,8.1,13.0,0
31.0,23.0,101.3,0.56,16.5,19.0,1
21.0,11.0,84.8,0.405,13.6,20.0,0
29.0,19.0,84.8,0.494,11.4,26.3,1
26.0,16.0,83.1,0.371,11.2,34.5,0
19.0,23.0,83.1,0.424,10.4,27.3,1
16.0,22.0,93.6,0.494,16.5,19.0,0
24.0,29.0,93.6,0.431,13.1,22.9,1
26.0,33.0,95.5,0.453,9.7,30.6,1
29.0,23.0,95.5,0.537,17.4,15.9,0
29.0,19.0,90.6,0.526,15.9,19.4,0
25.0,35.0,90.6,0.618,13.7,12.5,1
21.0,25.0,92.6,0.494,13.1,25.5,0
25.0,25.0,92.6,0.576,15.7,23.5,1
13.0,13.0,86.2,0.437,17.3,29.5,0
28.0,25.0,86.2,0.493,11.0,33.3,1
20.0,15.0,95.3,0.465,14.0,21.3,0
27.0,26.0,95.3,0.463,18.7,43.2,1
28.0,34.0,94.7,0.462,11.5,30.4,0
28.0,25.0,94.7,0.512,10.5,18.6,1
29.0,23.0,101.6,0.557,14.6,28.6,1
25.0,28.0,101.6,0.429,10.0,28.1,0
28.0,24.0,85.7,0.526,17.4,21.2,0
17.0,27.0,85.7,0.488,12.9,24.3,1
33.0,29.0,95.9,0.478,10.6,28.6,1
11.0,27.0,95.9,0.401,10.8,26.0,0
15.0,31.0,87.7,0.478,14.4,15.8,0
30.0,34.0,87.7,0.571,12.0,32.4,1
25.0,26.0,92.2,0.61,17.8,20.7,1
24.0,41.0,92.2,0.472,10.7,35.3,0
19.0,20.0,78.9,0.393,13.3,35.7,0
23.0,23.0,78.9,0.523,10.8,44.7,1
28.0,20.0,88.0,0.534,16.8,27.3,1
21.0,18.0,88.0,0.375,9.3,32.7,0
23.0,21.0,85.4,0.399,6.8,27.5,0
34.0,16.0,85.4,0.556,9.2,28.9,1
25.0,26.0,83.5,0.542,16.9,26.5,1
11.0,26.0,83.5,0.569,18.6,23.3,0
20.0,23.0,88.0,0.481,14.1,22.5,0
26.0,27.0,88.0,0.489,12.9,37.0,1
26.0,29.0,88.8,0.549,12.7,27.8,1
26.0,18.0,88.8,0.54,9.0,22.5,0
26.0,24.0,97.5,0.488,14.6,20.5,0
27.0,22.0,97.5,0.529,10.3,19.5,1
37.0,25.0,90.1,0.669,9.9,29.4,1
28.0,27.0,90.1,0.489,15.1,38.1,0
16.0,17.0,95.7,0.429,15.2,13.3,0
22.0,20.0,95.7,0.468,15.8,27.3,1
26.0,11.0,85.9,0.458,9.3,22.5,0
23.0,28.0,85.9,0.444,10.4,34.8,1
33.0,18.0,95.4,0.596,17.2,16.7,0
27.0,37.0,95.4,0.528,7.3,29.8,1
24.0,24.0,95.1,0.432,13.8,33.3,0
29.0,27.0,95.1,0.674,21.4,24.1,1
25.0,21.0,89.7,0.427,12.4,25.5,0
22.0,29.0,89.7,0.5,8.9,22.2,1
26.0,19.0,89.3,0.493,15.7,16.7,1
16.0,24.0,89.3,0.395,11.3,24.5,0
21.0,17.0,93.7,0.393,11.6,28.0,0
23.0,28.0,93.7,0.613,16.7,22.6,1
27.0,33.0,88.5,0.571,12.1,25.8,1
29.0,18.0,88.5,0.441,13.4,41.5,0
25.0,19.0,87.2,0.456,12.7,26.3,0
20.0,24.0,87.2,0.538,13.6,36.8,1
17.0,21.0,87.8,0.305,13.9,20.0,0
23.0,26.0,87.8,0.456,12.2,34.9,1
25.0,28.0,88.9,0.447,13.3,40.8,0
36.0,22.0,88.9,0.636,9.7,13.3,1
20.0,26.0,83.4,0.493,10.0,31.4,1
18.0,21.0,83.4,0.337,12.7,42.1,0
21.0,30.0,91.3,0.506,9.6,20.9,1
23.0,22.0,91.3,0.47,13.2,29.8,0
30.0,31.0,89.7,0.522,8.7,44.2,0
24.0,31.0,89.7,0.565,10.0,45.7,1
21.0,32.0,85.1,0.604,15.0,15.6,0
25.0,20.0,85.1,0.526,13.7,41.9,1
24.0,14.0,93.5,0.454,13.0,25.0,0
37.0,24.0,93.5,0.604,10.6,25.0,1
26.0,30.0,87.5,0.53,12.4,35.1,0
29.0,30.0,87.5,0.543,6.0,26.3,1
33.0,20.0,91.5,0.46,13.9,40.0,1
17.0,19.0,91.5,0.368,11.4,8.7,0
19.0,23.0,93.8,0.523,15.5,24.3,0
27.0,18.0,93.8,0.52,8.5,22.9,1
32.0,27.0,92.6,0.609,15.2,31.3,1
18.0,32.0,92.6,0.579,13.9,32.4,0
23.0,15.0,91.0,0.395,9.5,35.6,0
22.0,25.0,91.0,0.56,8.0,19.5,1
33.0,25.0,88.4,0.59,13.3,40.5,1
21.0,31.0,88.4,0.543,12.9,23.3,0
29.0,26.0,84.5,0.448,12.1,41.9,0
32.0,21.0,84.5,0.628,15.8,45.7,1
24.0,22.0,88.7,0.451,16.7,28.9,1
20.0,15.0,88.7,0.486,15.6,14.0,0
29.0,27.0,101.4,0.458,14.1,20.0,0
28.0,25.0,101.4,0.413,8.7,20.4,1
28.0,12.0,95.1,0.444,10.1,24.1,1
12.0,25.0,95.1,0.381,19.3,22.4,0
23.0,27.0,92.1,0.466,17.5,35.5,0
28.0,22.0,92.1,0.571,12.7,38.5,1
29.0,22.0,90.5,0.447,14.2,27.3,0
26.0,20.0,90.5,0.535,12.0,20.0,1
21.0,19.0,92.0,0.41,7.6,20.4,1
29.0,23.0,92.0,0.449,17.4,33.3,0
21.0,17.0,95.1,0.5,15.8,25.6,0
24.0,23.0,95.1,0.512,16.6,26.8,1
15.0,13.0,87.1,0.428,13.8,17.1,0
25.0,21.0,87.1,0.638,13.9,13.3,1
27.0,21.0,87.7,0.471,12.1,31.8,1
29.0,27.0,87.7,0.482,10.8,28.9,0
19.0,27.0,89.9,0.535,15.7,28.6,1
22.0,24.0,89.9,0.481,14.5,24.4,0
29.0,26.0,93.8,0.494,6.1,10.5,1
20.0,25.0,93.8,0.5,19.2,20.5,0
21.0,22.0,91.3,0.487,17.1,28.2,1
20.0,14.0,91.3,0.381,13.1,26.0,0
17.0,28.0,103.8,0.457,15.2,27.7,1
19.0,19.0,103.8,0.404,14.3,20.8,0
23.0,20.0,90.5,0.513,19.1,20.5,1
23.0,26.0,90.5,0.434,9.6,23.9,0
25.0,15.0,94.7,0.494,14.8,11.9,0
25.0,20.0,94.7,0.466,16.6,26.8,1
28.0,24.0,96.1,0.442,13.3,34.0,1
26.0,33.0,96.1,0.489,13.3,23.9,0
35.0,32.0,99.1,0.581,17.8,32.4,1
37.0,21.0,99.1,0.53,12.5,21.4,0
17.0,26.0,90.5,0.488,16.7,28.9,0
24.0,22.0,90.5,0.523,12.1,35.9,1
17.0,22.0,87.1,0.353,14.1,29.8,0
18.0,25.0,87.1,0.455,15.6,34.1,1
19.0,30.0,90.8,0.494,9.5,29.7,1
26.0,29.0,90.8,0.538,13.7,23.8,0
13.0,23.0,88.0,0.517,16.1,25.6,0
29.0,24.0,88.0,0.538,10.2,23.8,1
26.0,15.0,90.5,0.452,9.1,15.2,0
32.0,17.0,90.5,0.481,10.1,16.7,1
20.0,26.0,93.3,0.523,8.1,11.9,1
28.0,23.0,93.3,0.459,13.7,27.7,0
27.0,19.0,88.5,0.488,10.9,26.3,1
30.0,17.0,88.5,0.465,12.8,25.6,0
16.0,16.0,81.2,0.405,11.1,32.7,1
13.0,29.0,81.2,0.382,13.7,32.6,0
24.0,23.0,92.6,0.468,16.8,23.4,0
26.0,21.0,92.6,0.392,9.4,40.7,1
21.0,20.0,83.9,0.372,18.1,42.9,0
19.0,29.0,83.9,0.492,15.8,29.0,1
18.0,31.0,92.9,0.558,13.2,27.8,1
32.0,23.0,92.9,0.627,15.2,32.4,0
22.0,26.0,103.4,0.477,12.1,20.8,1
31.0,28.0,103.4,0.469,16.7,19.5,0
20.0,30.0,88.7,0.446,8.6,27.9,0
31.0,25.0,88.7,0.533,7.6,34.9,1
29.0,30.0,97.2,0.513,19.1,26.8,0
30.0,28.0,97.2,0.527,17.6,41.7,1
23.0,17.0,98.4,0.422,16.1,22.4,0
29.0,22.0,98.4,0.519,17.9,27.9,1
28.0,26.0,94.1,0.544,7.6,21.3,1
27.0,30.0,94.1,0.563,12.9,13.2,0
21.0,33.0,94.1,0.483,11.8,28.6,0
30.0,25.0,94.1,0.583,14.1,28.6,1
19.0,19.0,91.4,0.52,16.6,28.6,0
26.0,34.0,91.4,0.648,21.5,25.9,1
29.0,26.0,91.3,0.459,12.4,25.6,1
25.0,13.0,91.3,0.457,9.8,18.2,0
29.0,14.0,87.7,0.414,14.1,36.6,0
22.0,26.0,87.7,0.468,7.5,28.6,1
28.0,19.0,93.6,0.524,13.1,23.3,0
20.0,33.0,93.6,0.6,17.0,17.1,1
22.0,17.0,82.3,0.551,21.3,30.0,1
24.0,18.0,82.3,0.446,14.8,35.9,0
37.0,29.0,90.2,0.488,9.5,29.3,0
23.0,27.0,90.2,0.551,13.2,45.5,1
18.0,23.0,87.8,0.5,18.7,28.6,1
27.0,17.0,87.8,0.44,5.2,14.9,0
22.0,19.0,95.8,0.438,13.2,20.5,1
29.0,21.0,95.8,0.464,15.3,15.6,0
19.0,29.0,91.9,0.512,14.1,25.6,1
13.0,31.0,91.9,0.5,12.8,23.3,0
20.0,17.0,92.0,0.423,14.6,34.0,0
16.0,25.0,92.0,0.463,12.4,20.0,1
14.0,24.0,92.2,0.5,12.9,13.6,0
28.0,23.0,92.2,0.5,7.4,31.4,1
33.0,27.0,87.6,0.622,16.0,30.3,1
23.0,29.0,87.6,0.488,9.7,30.8,0
24.0,31.0,92.0,0.484,13.7,42.2,0
28.0,27.0,92.0,0.563,11.4,30.8,1
26.0,25.0,93.4,0.563,14.8,30.2,1
21.0,25.0,93.4,0.447,16.9,25.6,0
21.0,14.0,81.7,0.439,12.0,31.0,0
19.0,28.0,81.7,0.458,14.5,36.8,1
22.0,20.0,96.7,0.494,17.5,23.7,0
24.0,28.0,96.7,0.476,13.5,26.8,1
36.0,23.0,99.0,0.512,12.6,26.2,1
22.0,29.0,99.0,0.512,19.9,18.9,0
23.0,20.0,93.0,0.473,14.7,16.3,0
24.0,23.0,93.0,0.51,10.7,37.2,1
27.0,25.0,85.5,0.58,7.7,15.9,0
38.0,21.0,85.5,0.604,11.6,43.2,1
15.0,23.0,89.7,0.476,13.3,31.1,1
20.0,21.0,89.7,0.476,13.2,16.2,0
27.0,21.0,88.7,0.413,12.9,22.2,0
26.0,30.0,88.7,0.577,15.3,22.6,1
25.0,32.0,93.5,0.511,10.2,24.4,1
20.0,19.0,93.5,0.513,21.1,47.4,0
15.0,23.0,92.0,0.531,12.5,23.3,0
18.0,28.0,92.0,0.588,8.2,14.3,1
20.0,30.0,97.7,0.401,13.3,22.2,0
21.0,19.0,97.7,0.465,13.0,18.8,1
22.0,17.0,90.4,0.434,9.8,22.0,1
18.0,20.0,90.4,0.428,12.0,15.6,0
27.0,22.0,89.0,0.526,10.4,18.4,1
19.0,29.0,89.0,0.481,12.6,24.4,0
20.0,22.0,92.0,0.434,13.7,28.6,0
18.0,25.0,92.0,0.458,13.8,20.5,1
16.0,25.0,90.0,0.489,17.1,21.3,0
31.0,29.0,90.0,0.511,9.8,24.0,1
16.0,21.0,91.4,0.372,10.6,20.0,0
21.0,19.0,91.4,0.517,13.5,37.2,1
31.0,18.0,101.7,0.543,14.8,23.4,0
31.0,32.0,101.7,0.558,14.3,21.1,1
35.0,25.0,103.1,0.534,13.1,17.8,1
25.0,39.0,103.1,0.495,12.4,20.8,0
26.0,21.0,87.7,0.438,10.2,21.4,0
25.0,30.0,87.7,0.594,17.4,36.4,1
23.0,10.0,86.9,0.43,14.6,23.1,0
18.0,16.0,86.9,0.544,11.4,34.9,1
17.0,20.0,87.3,0.5,18.0,30.8,0
24.0,26.0,87.3,0.591,12.1,28.1,1
32.0,20.0,88.0,0.556,20.3,37.1,1
25.0,17.0,88.0,0.406,14.5,27.9,0
28.0,19.0,101.4,0.526,18.3,20.5,1
16.0,28.0,101.4,0.465,15.9,17.0,0
27.0,28.0,96.7,0.46,13.5,43.1,0
31.0,23.0,96.7,0.627,15.0,18.8,1
19.0,24.0,92.3,0.545,15.5,18.9,0
26.0,29.0,92.3,0.541,16.8,25.8,1
20.0,24.0,100.7,0.466,16.3,24.1,0
30.0,20.0,100.7,0.601,13.5,27.0,1
31.0,26.0,91.1,0.55,10.1,16.3,0
27.0,30.0,91.1,0.563,10.0,36.8,1
19.0,28.0,97.7,0.489,13.3,25.0,0
35.0,23.0,97.7,0.47,9.9,36.7,1
17.0,22.0,88.8,0.37,14.9,33.3,0
31.0,13.0,88.8,0.547,11.5,11.1,1
31.0,24.0,85.9,0.537,14.5,39.5,0
31.0,19.0,85.9,0.54,14.3,25.7,1
26.0,17.0,92.8,0.543,14.7,22.5,0
22.0,27.0,92.8,0.536,8.8,16.7,1
20.0,33.0,91.0,0.513,14.6,26.3,1
25.0,23.0,91.0,0.518,14.3,27.5,0
20.0,30.0,84.8,0.579,18.9,47.2,0
31.0,22.0,84.8,0.548,12.9,26.5,1
11.0,18.0,84.7,0.437,17.3,17.5,0
23.0,13.0,84.7,0.449,9.3,20.9,1
23.0,19.0,86.0,0.432,16.0,30.9,0
19.0,23.0,86.0,0.438,12.3,18.2,1
30.0,23.0,95.5,0.468,16.0,20.0,0
24.0,29.0,95.5,0.54,11.9,28.6,1
12.0,21.0,87.9,0.462,19.4,23.7,0
23.0,18.0,87.9,0.549,12.2,21.1,1
22.0,21.0,91.4,0.469,8.9,21.3,0
23.0,30.0,91.4,0.601,13.0,17.1,1
21.0,27.0,84.3,0.487,14.7,35.9,1
23.0,15.0,84.3,0.381,13.5,43.1,0
22.0,30.0,85.1,0.677,20.5,25.9,0
30.0,24.0,85.1,0.653,15.0,20.7,1
24.0,26.0,91.1,0.576,12.1,17.5,1
33.0,25.0,91.1,0.5,13.4,37.5,0
23.0,14.0,85.5,0.443,15.3,25.0,0
14.0,27.0,85.5,0.588,20.1,32.4,1
15.0,30.0,85.0,0.432,10.0,25.0,0
14.0,30.0,85.0,0.494,11.0,33.3,1
21.0,27.0,93.2,0.524,16.3,33.3,0
27.0,20.0,93.2,0.519,13.3,25.0,1
22.0,24.0,87.8,0.603,17.3,30.0,1
25.0,21.0,87.8,0.566,9.4,17.1,0
32.0,30.0,93.3,0.57,12.1,33.3,1
30.0,20.0,93.3,0.471,9.3,23.4,0
36.0,32.0,88.3,0.618,4.9,28.6,1
20.0,21.0,88.3,0.426,14.4,29.2,0
19.0,24.0,94.0,0.494,9.7,16.7,1
19.0,18.0,94.0,0.5,18.8,26.3,0
29.0,24.0,91.8,0.601,13.7,22.6,1
24.0,27.0,91.8,0.452,10.4,27.3,0
39.0,26.0,92.8,0.526,8.5,41.2,1
26.0,22.0,92.8,0.417,17.2,43.8,0
31.0,33.0,98.1,0.473,8.2,16.3,0
29.0,28.0,98.1,0.57,13.0,23.7,1
21.0,24.0,93.7,0.548,15.0,24.4,0
32.0,32.0,93.7,0.512,12.7,33.3,1
14.0,23.0,94.9,0.441,15.2,31.3,0
30.0,18.0,94.9,0.547,17.0,7.5,1
22.0,21.0,89.9,0.438,17.6,25.6,0
21.0,19.0,89.9,0.568,16.4,18.2,1
36.0,20.0,86.3,0.584,12.7,35.1,1
14.0,22.0,86.3,0.486,19.3,28.6,0
29.0,24.0,106.0,0.531,17.9,24.4,0
27.0,35.0,106.0,0.561,17.0,22.0,1
20.0,23.0,92.3,0.381,11.5,28.1,0
16.0,28.0,92.3,0.488,15.9,34.9,1
24.0,25.0,89.8,0.516,10.2,36.6,1
31.0,20.0,89.8,0.451,16.6,33.3,0
24.0,20.0,90.9,0.48,14.0,31.8,1
23.0,19.0,90.9,0.467,12.9,20.5,0
22.0,24.0,83.2,0.539,10.6,23.5,0
28.0,34.0,83.2,0.659,9.5,30.3,1
24.0,21.0,93.3,0.447,17.6,20.0,0
25.0,19.0,93.3,0.453,8.3,22.4,1
32.0,13.0,91.7,0.474,18.0,27.5,0
22.0,29.0,91.7,0.476,10.9,16.7,1
23.0,18.0,92.7,0.438,22.2,23.7,0
25.0,28.0,92.7,0.616,22.7,20.7,1
28.0,24.0,92.0,0.526,11.7,23.3,0
27.0,26.0,92.0,0.529,12.8,17.5,1
26.0,18.0,93.0,0.494,14.1,26.1,0
25.0,20.0,93.0,0.47,11.2,25.5,1
33.0,22.0,94.1,0.378,10.9,35.0,0
21.0,27.0,94.1,0.59,16.2,12.9,1
24.0,25.0,93.8,0.395,12.4,28.3,0
26.0,25.0,93.8,0.524,13.4,23.8,1
25.0,22.0,84.6,0.442,12.9,27.5,0
22.0,30.0,84.6,0.553,14.3,37.9,1
30.0,20.0,94.1,0.556,20.5,16.7,0
34.0,28.0,94.1,0.565,7.9,18.4,1
21.0,31.0,98.5,0.432,13.1,26.5,0
31.0,32.0,98.5,0.566,9.7,31.0,1
20.0,24.0,82.5,0.507,12.0,18.8,0
27.0,22.0,82.5,0.607,13.0,29.6,1
16.0,20.0,88.9,0.44,15.1,17.1,0
22.0,24.0,88.9,0.455,17.4,33.3,1
17.0,26.0,97.5,0.489,10.4,34.7,1
23.0,24.0,97.5,0.517,11.8,16.7,0
20.0,13.0,87.6,0.446,12.6,25.0,0
27.0,22.0,87.6,0.507,14.6,33.3,1
29.0,12.0,91.3,0.386,12.6,19.1,0
18.0,17.0,91.3,0.493,17.6,25.7,1
20.0,35.0,99.4,0.5,13.2,26.1,1
21.0,24.0,99.4,0.449,11.5,23.5,0
15.0,28.0,87.3,0.368,14.1,20.9,0
26.0,26.0,87.3,0.543,11.9,28.2,1
25.0,16.0,88.2,0.411,14.8,24.0,0
22.0,13.0,88.2,0.457,12.8,24.3,1
26.0,24.0,85.2,0.452,6.6,35.3,1
16.0,16.0,85.2,0.43,14.1,25.5,0
21.0,32.0,96.2,0.536,14.5,31.8,0
24.0,39.0,96.2,0.528,11.5,29.8,1
22.0,19.0,93.3,0.436,11.1,31.3,0
33.0,32.0,93.3,0.556,11.7,29.8,1
26.0,18.0,91.0,0.468,12.7,20.0,0
17.0,30.0,91.0,0.555,13.2,35.0,1
19.0,31.0,97.3,0.463,14.1,41.7,0
27.0,28.0,97.3,0.517,13.9,30.4,1
24.0,31.0,93.5,0.421,21.4,23.7,0
23.0,34.0,93.5,0.617,16.7,44.1,1
19.0,29.0,93.5,0.461,17.9,11.9,0
41.0,23.0,93.5,0.657,15.6,37.5,1
21.0,32.0,90.4,0.478,4.0,20.4,0
29.0,33.0,90.4,0.573,15.5,27.0,1
30.0,30.0,97.4,0.443,14.4,22.2,0
17.0,28.0,97.4,0.519,15.8,9.4,1
37.0,27.0,92.7,0.563,18.5,36.1,0
33.0,14.0,92.7,0.576,16.9,17.6,1
16.0,20.0,99.0,0.506,13.1,15.9,1
21.0,25.0,99.0,0.473,12.4,22.7,0
27.0,29.0,86.7,0.553,12.4,22.6,1
17.0,18.0,86.7,0.4,14.4,34.1,0
22.0,25.0,91.6,0.466,9.3,26.1,0
27.0,24.0,91.6,0.568,15.2,36.1,1
20.0,31.0,87.3,0.475,12.8,30.8,0
19.0,33.0,87.3,0.512,10.7,30.0,1
28.0,23.0,94.0,0.636,26.7,29.6,1
20.0,40.0,94.0,0.488,11.4,24.4,0
22.0,27.0,85.9,0.439,11.2,34.7,0
19.0,23.0,85.9,0.544,14.8,35.0,1
23.0,24.0,100.7,0.431,12.8,13.0,0
24.0,20.0,100.7,0.529,10.0,19.0,1
11.0,15.0,84.1,0.344,12.6,20.4,0
18.0,18.0,84.1,0.475,11.9,16.3,1
23.0,18.0,84.5,0.42,11.7,29.4,0
18.0,22.0,84.5,0.576,20.0,17.2,1
20.0,24.0,94.0,0.494,18.9,22.5,0
21.0,26.0,94.0,0.482,11.1,27.1,1
18.0,25.0,92.9,0.47,12.6,13.5,1
24.0,19.0,92.9,0.382,14.1,36.4,0
20.0,18.0,105.7,0.495,13.2,24.5,0
28.0,33.0,105.7,0.467,13.7,33.3,1
24.0,23.0,97.8,0.494,10.8,24.4,0
27.0,36.0,97.8,0.632,7.0,32.6,1
21.0,33.0,99.7,0.494,14.6,13.5,0
31.0,33.0,99.7,0.553,11.5,12.8,1
15.0,31.0,89.0,0.534,20.3,35.5,1
19.0,19.0,89.0,0.457,15.2,32.6,0
14.0,30.0,89.5,0.482,8.1,18.4,0
22.0,23.0,89.5,0.581,13.4,17.1,1
26.0,28.0,92.4,0.506,12.6,20.5,0
35.0,22.0,92.4,0.614,5.8,26.3,1
21.0,17.0,89.6,0.488,6.1,16.7,0
23.0,25.0,89.6,0.535,7.8,23.9,1
29.0,24.0,88.2,0.451,12.3,35.7,1
27.0,17.0,88.2,0.452,13.2,31.1,0
27.0,25.0,95.4,0.544,15.0,21.1,0
26.0,25.0,95.4,0.549,9.6,20.5,1
21.0,36.0,93.4,0.519,12.6,15.9,1
23.0,30.0,93.4,0.457,14.1,26.1,0
18.0,13.0,84.6,0.455,15.9,31.4,0
24.0,15.0,84.6,0.547,11.8,23.7,1
30.0,19.0,104.0,0.462,16.0,24.5,0
23.0,29.0,104.0,0.547,10.4,21.7,1
24.0,22.0,92.0,0.439,13.2,26.5,1
13.0,21.0,92.0,0.379,16.2,28.6,0
22.0,29.0,86.0,0.426,8.9,31.4,1
14.0,21.0,86.0,0.36,14.0,29.6,0
19.0,30.0,92.8,0.507,13.1,16.2,1
34.0,16.0,92.8,0.439,13.8,25.5,0
19.0,24.0,95.4,0.39,14.4,21.4,0
26.0,23.0,95.4,0.512,17.0,37.8,1
25.0,23.0,87.1,0.458,8.7,27.9,0
19.0,36.0,87.1,0.601,10.5,19.4,1
25.0,26.0,95.0,0.443,10.7,26.5,0
37.0,21.0,95.0,0.557,8.4,28.6,1
16.0,22.0,89.0,0.473,12.6,34.8,0
37.0,28.0,89.0,0.634,9.4,47.1,1
29.0,32.0,94.3,0.576,12.2,28.2,1
16.0,29.0,94.3,0.561,16.8,13.2,0
28.0,31.0,97.0,0.5,12.5,13.6,1
25.0,15.0,97.0,0.449,9.3,16.7,0
24.0,28.0,96.3,0.57,17.2,26.5,0
29.0,34.0,96.3,0.531,5.8,18.9,1
26.0,31.0,90.7,0.519,6.9,20.9,0
30.0,24.0,90.7,0.573,10.9,38.5,1
27.0,23.0,89.3,0.5,10.2,31.9,0
33.0,23.0,89.3,0.671,10.4,21.9,1
20.0,26.0,87.4,0.448,11.8,34.7,1
21.0,18.0,87.4,0.506,16.6,25.6,0
20.0,17.0,89.9,0.527,16.2,17.1,0
14.0,22.0,89.9,0.506,11.9,25.0,1
18.0,21.0,87.4,0.487,17.4,28.2,0
31.0,18.0,87.4,0.64,13.7,25.0,1
18.0,30.0,86.2,0.519,8.2,25.6,1
31.0,18.0,86.2,0.469,8.9,27.3,0
20.0,26.0,92.1,0.512,15.2,26.8,0
36.0,36.0,92.1,0.655,7.8,26.3,1
11.0,24.0,79.8,0.487,9.4,38.5,1
19.0,20.0,79.8,0.5,12.3,33.3,0
22.0,21.0,91.8,0.362,14.3,20.0,0
14.0,24.0,91.8,0.494,12.4,11.9,1
26.0,27.0,97.3,0.538,17.4,35.7,1
21.0,30.0,97.3,0.494,13.6,26.2,0
30.0,25.0,95.8,0.416,13.1,30.9,0
23.0,31.0,95.8,0.565,9.6,14.6,1
24.0,24.0,97.3,0.542,18.0,26.8,1
26.0,18.0,97.3,0.436,11.7,25.5,0
17.0,22.0,88.6,0.318,6.7,21.4,0
25.0,24.0,88.6,0.43,10.1,36.4,1
20.0,35.0,98.4,0.512,16.2,28.2,0
25.0,33.0,98.4,0.565,13.7,36.4,1
24.0,22.0,94.0,0.46,14.8,25.9,0
28.0,14.0,94.0,0.458,11.9,13.8,1
30.0,30.0,80.3,0.671,5.8,18.2,1
14.0,15.0,80.3,0.514,16.8,35.3,0
19.0,32.0,86.4,0.522,19.2,30.3,0
29.0,29.0,86.4,0.557,12.8,36.1,1
20.0,24.0,87.0,0.55,14.7,15.2,0
25.0,29.0,87.0,0.588,11.3,29.4,1
19.0,31.0,86.2,0.575,13.9,34.2,1
26.0,18.0,86.2,0.493,16.3,25.0,0
23.0,32.0,94.7,0.566,13.7,13.2,0
24.0,31.0,94.7,0.532,9.0,34.0,1
23.0,23.0,94.0,0.507,12.9,12.2,1
14.0,21.0,94.0,0.352,19.1,32.7,0
33.0,25.0,94.7,0.551,13.5,31.1,0
27.0,33.0,94.7,0.523,11.6,34.1,1
19.0,23.0,86.4,0.529,17.5,18.2,0
19.0,33.0,86.4,0.564,11.3,30.8,1
24.0,19.0,88.8,0.455,10.2,17.8,0
33.0,19.0,88.8,0.481,10.0,21.7,1
25.0,27.0,87.8,0.573,8.7,5.9,1
29.0,18.0,87.8,0.487,18.0,41.5,0
23.0,28.0,91.2,0.573,19.5,31.3,1
19.0,27.0,91.2,0.538,19.3,25.7,0
33.0,23.0,97.3,0.578,17.1,21.6,1
33.0,20.0,97.3,0.478,10.1,16.7,0
22.0,28.0,91.5,0.554,13.6,27.0,1
20.0,25.0,91.5,0.389,12.0,26.4,0
23.0,18.0,82.9,0.413,10.5,23.4,1
14.0,22.0,82.9,0.37,7.1,29.3,0
19.0,28.0,93.3,0.595,18.9,21.2,1
24.0,19.0,93.3,0.405,7.9,29.8,0
32.0,19.0,85.7,0.64,13.3,34.4,1
26.0,31.0,85.7,0.47,12.5,33.3,0
31.0,28.0,101.1,0.527,9.7,20.8,1
23.0,28.0,101.1,0.5,11.7,17.4,0
24.0,14.0,97.0,0.429,17.0,25.0,0
9.0,26.0,97.0,0.476,17.3,25.0,1
18.0,28.0,95.8,0.488,12.7,27.3,0
26.0,24.0,95.8,0.587,18.2,22.6,1
23.0,22.0,86.3,0.589,14.6,15.4,0
28.0,31.0,86.3,0.635,9.5,32.3,1
26.0,30.0,92.1,0.553,16.1,43.9,0
28.0,27.0,92.1,0.53,15.4,35.7,1
27.0,15.0,90.1,0.596,20.4,24.1,0
28.0,23.0,90.1,0.523,15.0,45.7,1
13.0,20.0,83.7,0.385,19.7,29.5,0
8.0,28.0,83.7,0.401,11.0,18.2,1
24.0,27.0,88.1,0.608,13.6,29.7,0
33.0,24.0,88.1,0.653,12.8,37.9,1
28.0,22.0,92.3,0.482,12.4,25.6,1
19.0,22.0,92.3,0.423,8.8,32.7,0
33.0,23.0,98.7,0.438,15.8,25.0,0
33.0,31.0,98.7,0.538,10.4,31.9,1
23.0,17.0,90.4,0.507,17.6,12.8,0
21.0,31.0,90.4,0.5,15.9,34.1,1
14.0,17.0,88.9,0.348,14.5,31.4,0
21.0,31.0,88.9,0.463,6.3,38.3,1
23.0,24.0,96.7,0.47,18.6,29.5,0
19.0,18.0,96.7,0.58,17.2,17.6,1
25.0,17.0,88.1,0.474,13.9,30.6,0
29.0,22.0,88.1,0.443,11.8,34.8,1
26.0,29.0,95.7,0.448,12.5,27.1,1
23.0,30.0,95.7,0.371,9.0,25.9,0
18.0,19.0,85.6,0.338,16.7,14.0,0
29.0,32.0,85.6,0.5,5.9,34.1,1
28.0,27.0,81.6,0.486,10.7,20.0,1
18.0,28.0,81.6,0.411,10.6,42.6,0
33.0,18.0,92.2,0.5,8.1,33.3,1
20.0,20.0,92.2,0.433,14.9,15.9,0
37.0,24.0,93.0,0.607,12.4,38.6,1
28.0,21.0,93.0,0.547,15.6,25.0,0
25.0,22.0,96.2,0.528,12.5,30.2,1
23.0,31.0,96.2,0.459,15.4,13.2,0
30.0,24.0,87.7,0.516,7.1,27.3,0
19.0,25.0,87.7,0.527,12.9,35.4,1
20.0,20.0,87.8,0.487,12.2,18.6,0
29.0,19.0,87.8,0.474,7.0,24.4,1
31.0,21.0,92.9,0.581,15.3,34.3,1
18.0,31.0,92.9,0.518,15.6,15.8,0
27.0,22.0,91.8,0.494,14.1,33.3,1
25.0,19.0,91.8,0.44,13.9,25.0,0
17.0,25.0,95.9,0.525,14.7,23.3,1
27.0,22.0,95.9,0.438,12.7,27.1,0
21.0,18.0,92.9,0.518,15.8,35.9,1
26.0,25.0,92.9,0.45,13.0,24.5,0
33.0,25.0,98.8,0.533,15.8,17.9,1
33.0,28.0,98.8,0.428,8.9,20.4,0
26.0,22.0,91.7,0.5,12.2,32.5,0
29.0,28.0,91.7,0.564,10.6,21.6,1
18.0,23.0,92.1,0.5,15.6,20.0,1
19.0,23.0,92.1,0.423,15.1,26.1,0
18.0,40.0,92.7,0.538,11.0,11.9,1
24.0,17.0,92.7,0.549,19.4,15.2,0
22.0,28.0,88.6,0.543,9.0,21.1,1
20.0,23.0,88.6,0.466,7.5,32.0,0
28.0,31.0,85.0,0.533,13.2,33.3,0
25.0,37.0,85.0,0.526,8.0,30.0,1
29.0,14.0,95.0,0.488,10.4,21.3,0
24.0,28.0,95.0,0.54,8.6,17.5,1
27.0,22.0,90.3,0.53,13.4,26.2,0
28.0,23.0,90.3,0.54,9.6,30.2,1
30.0,27.0,106.7,0.546,18.9,29.5,0
30.0,35.0,106.7,0.56,15.0,23.9,1
22.0,25.0,101.1,0.366,12.8,24.5,0
28.0,23.0,101.1,0.601,17.9,35.0,1
21.0,23.0,93.4,0.53,11.7,16.7,0
26.0,23.0,93.4,0.548,11.0,34.1,1
26.0,29.0,96.8,0.453,10.2,18.0,1
22.0,18.0,96.8,0.507,16.1,17.1,0
26.0,20.0,92.2,0.407,9.5,19.6,0
20.0,18.0,92.2,0.436,14.4,25.6,1
23.0,22.0,82.2,0.4,9.5,39.2,1
25.0,25.0,82.2,0.423,14.5,27.5,0
20.0,21.0,88.0,0.527,17.7,23.5,1
19.0,13.0,88.0,0.387,24.6,31.7,0
34.0,24.0,90.2,0.644,16.6,28.6,1
21.0,26.0,90.2,0.454,17.1,33.3,0
25.0,20.0,96.2,0.5,13.2,28.6,0
32.0,29.0,96.2,0.598,5.6,23.8,1
23.0,22.0,90.5,0.636,16.3,20.6,1
22.0,21.0,90.5,0.495,11.9,31.8,0
27.0,27.0,85.6,0.536,6.1,25.0,1
20.0,18.0,85.6,0.36,11.7,29.4,0
29.0,25.0,96.6,0.411,7.6,17.2,0
29.0,26.0,96.6,0.441,10.1,18.4,1
16.0,30.0,96.9,0.372,14.0,25.9,0
30.0,24.0,96.9,0.63,13.8,13.3,1
27.0,25.0,103.3,0.532,12.4,16.7,0
27.0,31.0,103.3,0.506,13.8,25.5,1
15.0,29.0,87.7,0.446,12.0,22.4,0
24.0,21.0,87.7,0.467,13.6,31.1,1
30.0,21.0,92.2,0.524,11.5,29.5,1
21.0,21.0,92.2,0.434,10.6,31.1,0
25.0,28.0,97.8,0.518,9.3,21.4,0
34.0,27.0,97.8,0.633,15.5,25.8,1
28.0,32.0,92.1,0.62,11.9,24.3,1
26.0,21.0,92.1,0.44,12.1,25.0,0
19.0,28.0,90.3,0.533,15.8,28.6,0
31.0,21.0,90.3,0.481,8.9,15.8,1
14.0,35.0,98.8,0.506,10.2,20.5,0
30.0,25.0,98.8,0.54,14.9,39.1,1
23.0,30.0,97.0,0.572,15.5,30.6,1
20.0,25.0,97.0,0.463,15.9,29.3,0
24.0,27.0,90.3,0.507,19.3,25.6,1
20.0,24.0,90.3,0.351,13.8,20.8,0
20.0,25.0,97.4,0.423,14.2,25.0,0
36.0,20.0,97.4,0.564,18.4,27.0,1
22.0,27.0,96.3,0.505,10.2,19.6,1
27.0,22.0,96.3,0.483,14.8,35.4,0
28.0,39.0,89.6,0.546,9.1,41.9,1
21.0,22.0,89.6,0.506,14.5,27.5,0
31.0,27.0,85.1,0.643,6.6,16.7,1
24.0,19.0,85.1,0.519,12.7,17.9,0
26.0,20.0,89.9,0.565,15.1,31.7,0
31.0,28.0,89.9,0.556,12.8,25.7,1
12.0,21.0,77.5,0.465,12.6,20.6,1
13.0,21.0,77.5,0.435,14.5,37.8,0
25.0,24.0,93.7,0.563,15.7,17.9,1
21.0,24.0,93.7,0.494,11.2,24.0,0
36.0,23.0,88.4,0.551,11.0,24.3,0
17.0,28.0,88.4,0.6,11.4,18.8,1
24.0,24.0,97.8,0.5,19.4,34.1,1
26.0,18.0,97.8,0.441,14.7,29.2,0
26.0,22.0,87.5,0.494,12.8,26.2,0
26.0,31.0,87.5,0.539,8.6,35.7,1
27.0,26.0,91.2,0.447,11.3,22.9,0
24.0,23.0,91.2,0.48,11.7,25.0,1
18.0,18.0,92.4,0.314,15.0,29.6,0
31.0,22.0,92.4,0.494,15.8,33.3,1
24.0,19.0,98.5,0.479,16.3,10.5,1
21.0,26.0,98.5,0.389,17.3,28.9,0
25.0,19.0,91.2,0.435,8.9,14.3,0
22.0,21.0,91.2,0.487,15.5,26.8,1
29.0,25.0,96.1,0.603,14.1,20.5,0
28.0,24.0,96.1,0.585,8.3,31.7,1
27.0,26.0,95.5,0.595,12.7,20.5,1
19.0,33.0,95.5,0.506,15.4,25.6,0
23.0,27.0,94.0,0.463,17.7,25.0,1
22.0,30.0,94.0,0.399,13.3,18.8,0
32.0,17.0,85.3,0.535,11.2,21.6,1
19.0,25.0,85.3,0.489,11.7,34.1,0
27.0,26.0,84.7,0.525,10.1,36.1,1
23.0,27.0,84.7,0.558,15.1,29.7,0
22.0,29.0,95.7,0.457,11.4,16.7,1
21.0,20.0,95.7,0.429,17.5,34.0,0
20.0,24.0,91.0,0.513,18.8,34.9,0
31.0,23.0,91.0,0.524,11.1,31.1,1
18.0,21.0,93.3,0.444,15.5,17.1,0
28.0,24.0,93.3,0.618,14.6,23.1,1
32.0,27.0,90.8,0.591,15.4,29.8,0
33.0,28.0,90.8,0.604,9.7,23.5,1
16.0,28.0,84.2,0.566,13.4,31.6,1
24.0,32.0,84.2,0.489,7.0,29.3,0
21.0,30.0,89.6,0.572,13.5,17.1,1
19.0,23.0,89.6,0.438,11.0,17.0,0
18.0,26.0,91.3,0.372,13.7,23.1,0
11.0,19.0,91.3,0.434,17.1,28.6,1
23.0,21.0,90.2,0.462,14.4,25.0,0
23.0,23.0,90.2,0.445,9.4,31.0,1
26.0,29.0,102.9,0.534,14.8,20.9,1
25.0,27.0,102.9,0.511,14.5,27.7,0
5.0,24.0,95.0,0.454,19.9,14.6,0
24.0,24.0,95.0,0.404,13.9,27.5,1
26.0,24.0,92.1,0.604,17.3,14.3,0
26.0,25.0,92.1,0.477,9.0,32.7,1
15.0,14.0,84.6,0.39,12.4,16.7,0
34.0,23.0,84.6,0.605,10.2,41.9,1
31.0,27.0,101.2,0.607,11.8,18.9,1
24.0,33.0,101.2,0.482,16.1,19.5,0
21.0,32.0,99.3,0.534,13.0,33.3,1
32.0,27.0,99.3,0.506,16.4,31.0,0
22.0,33.0,91.2,0.479,12.6,32.0,1
25.0,23.0,91.2,0.469,15.0,23.3,0
26.0,20.0,88.8,0.519,9.1,20.0,1
18.0,25.0,88.8,0.47,12.3,33.3,0
31.0,14.0,90.9,0.604,16.8,14.3,1
13.0,27.0,90.9,0.524,14.5,22.5,0
23.0,20.0,91.4,0.412,11.3,24.0,0
23.0,25.0,91.4,0.404,10.1,30.0,1
27.0,23.0,88.7,0.513,11.0,25.7,1
22.0,22.0,88.7,0.487,18.9,34.1,0
28.0,19.0,92.4,0.5,12.0,14.3,0
34.0,25.0,92.4,0.627,13.2,31.0,1
16.0,24.0,99.7,0.367,9.6,23.6,0
19.0,25.0,99.7,0.5,16.3,4.7,1
29.0,21.0,91.2,0.558,13.4,12.5,1
14.0,27.0,91.2,0.506,18.4,25.7,0
23.0,28.0,87.6,0.56,9.8,34.4,1
23.0,21.0,87.6,0.48,15.6,28.2,0
28.0,28.0,104.3,0.476,16.2,23.3,0
29.0,20.0,104.3,0.489,12.0,20.0,1
25.0,25.0,86.3,0.455,11.9,25.0,0
25.0,31.0,86.3,0.534,7.6,15.2,1
20.0,26.0,86.2,0.545,14.1,27.5,0
27.0,26.0,86.2,0.475,10.4,38.3,1
22.0,32.0,90.8,0.643,11.8,26.5,1
26.0,23.0,90.8,0.622,14.1,19.4,0
22.0,26.0,93.7,0.479,19.5,20.5,0
28.0,20.0,93.7,0.506,16.5,16.7,1
20.0,33.0,103.8,0.5,16.9,12.8,0
34.0,33.0,103.8,0.661,16.8,28.1,1
25.0,29.0,85.9,0.536,19.3,31.3,1
17.0,30.0,85.9,0.424,13.5,19.5,0
24.0,20.0,87.1,0.377,12.2,16.0,0
21.0,30.0,87.1,0.519,20.0,55.6,1
19.0,23.0,88.8,0.481,11.7,21.4,1
29.0,11.0,88.8,0.466,13.0,25.6,0
20.0,26.0,91.6,0.479,20.4,22.2,0
24.0,19.0,91.6,0.562,19.4,18.8,1
19.0,30.0,95.2,0.5,12.9,27.1,0
28.0,22.0,95.2,0.527,11.7,31.0,1
27.0,16.0,99.1,0.477,16.8,22.9,0
31.0,22.0,99.1,0.588,20.5,31.4,1
27.0,23.0,94.6,0.397,7.2,26.9,0
32.0,26.0,94.6,0.528,11.5,34.0,1
17.0,25.0,98.2,0.55,16.6,20.5,0
44.0,28.0,98.2,0.663,11.8,30.3,1
26.0,26.0,88.1,0.481,11.0,20.0,0
22.0,28.0,88.1,0.507,14.1,27.8,1
28.0,26.0,92.9,0.519,12.0,33.3,1
32.0,31.0,92.9,0.518,17.9,35.1,0
28.0,25.0,98.7,0.549,13.6,7.7,0
27.0,20.0,98.7,0.551,19.6,17.5,1
28.0,26.0,92.6,0.512,13.2,24.4,1
18.0,16.0,92.6,0.486,16.6,22.5,0
22.0,26.0,85.1,0.596,12.7,35.9,1
22.0,25.0,85.1,0.411,14.2,30.0,0
19.0,24.0,97.2,0.403,12.8,8.7,0
43.0,22.0,97.2,0.539,15.0,40.0,1
16.0,19.0,98.0,0.36,16.8,24.1,0
29.0,25.0,98.0,0.556,10.1,19.5,1
19.0,19.0,90.8,0.424,8.8,19.6,0
22.0,18.0,90.8,0.463,15.2,28.3,1
21.0,32.0,88.8,0.538,15.5,32.4,1
13.0,23.0,88.8,0.548,14.4,17.6,0
23.0,15.0,94.4,0.444,13.8,21.7,0
23.0,23.0,94.4,0.564,15.9,32.4,1
36.0,28.0,100.2,0.484,10.6,37.3,0
21.0,42.0,100.2,0.622,12.9,17.6,1
17.0,34.0,94.6,0.424,15.7,43.4,0
30.0,24.0,94.6,0.526,14.4,25.0,1
19.0,28.0,94.9,0.547,21.8,27.3,1
20.0,18.0,94.9,0.403,16.0,27.8,0
34.0,35.0,88.6,0.534,7.8,27.5,1
30.0,26.0,88.6,0.513,10.7,27.5,0
24.0,26.0,88.8,0.469,7.1,41.2,0
23.0,31.0,88.8,0.671,10.9,32.4,1
34.0,16.0,90.8,0.481,14.5,36.4,0
26.0,25.0,90.8,0.521,1.8,31.8,1
26.0,30.0,98.7,0.572,19.6,31.6,1
28.0,27.0,98.7,0.435,11.5,33.9,0
36.0,34.0,96.6,0.588,10.8,31.0,1
29.0,34.0,96.6,0.529,14.9,34.1,0
23.0,26.0,92.6,0.465,12.8,32.6,0
32.0,16.0,92.6,0.606,13.8,17.5,1
28.0,28.0,93.8,0.604,23.8,20.7,1
9.0,16.0,93.8,0.405,11.7,12.2,0
25.0,25.0,96.1,0.489,13.6,19.5,0
19.0,36.0,96.1,0.45,9.7,34.8,1
27.0,25.0,93.5,0.526,11.5,22.2,0
27.0,25.0,93.5,0.608,11.0,13.5,1
21.0,22.0,87.4,0.5,19.7,33.3,1
27.0,12.0,87.4,0.48,20.3,19.0,0
19.0,20.0,95.4,0.446,13.7,13.0,0
28.0,18.0,95.4,0.413,16.2,15.0,1
16.0,25.0,89.2,0.452,13.0,20.9,1
19.0,13.0,89.2,0.398,12.9,29.6,0
24.0,19.0,92.3,0.563,13.2,13.2,0
23.0,28.0,92.3,0.609,9.7,23.7,1
17.0,18.0,86.9,0.447,9.2,16.3,0
27.0,26.0,86.9,0.46,8.7,34.0,1
34.0,22.0,91.8,0.483,15.3,36.6,0
22.0,20.0,91.8,0.473,13.8,18.9,1
20.0,19.0,91.8,0.492,24.3,19.4,0
17.0,22.0,91.8,0.434,13.5,19.1,1
27.0,33.0,94.9,0.558,10.8,14.0,1
26.0,9.0,94.9,0.483,14.9,33.3,0
18.0,26.0,95.7,0.552,20.1,19.4,1
15.0,16.0,95.7,0.426,25.8,25.0,0
16.0,15.0,86.7,0.417,7.9,25.0,0
25.0,29.0,86.7,0.595,12.8,15.6,1
26.0,17.0,87.3,0.465,10.7,24.4,0
36.0,22.0,87.3,0.63,11.8,21.2,1
16.0,20.0,89.7,0.5,16.2,21.2,1
25.0,13.0,89.7,0.465,12.4,25.5,0
21.0,26.0,88.5,0.506,12.8,23.3,0
20.0,22.0,88.5,0.577,14.7,6.1,1
25.0,20.0,92.5,0.372,10.1,24.6,0
15.0,21.0,92.5,0.469,15.9,37.5,1
26.0,26.0,86.9,0.642,11.1,34.3,1
16.0,28.0,86.9,0.453,7.7,27.5,0
24.0,18.0,82.9,0.469,13.6,37.0,0
17.0,17.0,82.9,0.395,10.5,42.0,1
32.0,23.0,90.1,0.547,11.7,25.7,1
18.0,23.0,90.1,0.5,15.2,20.0,0
26.0,26.0,92.7,0.596,12.4,10.5,1
29.0,28.0,92.7,0.453,8.7,32.7,0
23.0,21.0,94.5,0.466,11.9,15.2,1
28.0,12.0,94.5,0.431,14.3,24.0,0
30.0,20.0,95.5,0.559,14.5,17.5,0
26.0,30.0,95.5,0.505,10.8,28.0,1
24.0,18.0,88.8,0.545,15.5,17.1,0
29.0,26.0,88.8,0.582,15.0,27.0,1
35.0,27.0,92.5,0.584,11.4,33.3,1
25.0,23.0,92.5,0.421,18.1,27.3,0
25.0,30.0,98.2,0.517,11.5,27.3,0
30.0,32.0,98.2,0.628,14.1,18.8,1
33.0,46.0,94.4,0.692,9.5,26.7,1
25.0,24.0,94.4,0.56,11.7,18.9,0
25.0,17.0,88.3,0.47,8.9,22.5,1
20.0,23.0,88.3,0.448,16.8,27.7,0
21.0,18.0,100.9,0.446,19.2,21.3,0
33.0,28.0,100.9,0.596,17.8,16.7,1
30.0,26.0,94.6,0.571,14.8,14.6,1
22.0,23.0,94.6,0.488,15.8,25.0,0
19.0,25.0,84.6,0.443,12.2,27.5,0
31.0,18.0,84.6,0.494,10.0,31.1,1
21.0,25.0,91.2,0.436,17.9,26.2,0
23.0,35.0,91.2,0.593,12.0,21.6,1
30.0,29.0,94.2,0.541,16.8,33.3,0
27.0,30.0,94.2,0.5,13.9,41.5,1
22.0,23.0,90.5,0.437,11.9,16.3,0
21.0,24.0,90.5,0.571,16.0,26.5,1
18.0,27.0,88.7,0.555,14.5,23.7,0
28.0,31.0,88.7,0.713,9.0,24.0,1
21.0,20.0,84.5,0.393,12.1,36.7,0
29.0,17.0,84.5,0.483,12.4,40.4,1
19.0,26.0,86.5,0.492,17.0,20.0,0
23.0,26.0,86.5,0.61,12.8,12.9,1
22.0,22.0,92.2,0.5,11.1,31.9,1
17.0,16.0,92.2,0.375,8.7,15.4,0
25.0,27.0,82.7,0.559,11.9,17.1,0
23.0,22.0,82.7,0.529,12.6,44.2,1
20.0,14.0,92.1,0.422,17.3,20.8,0
18.0,23.0,92.1,0.471,14.5,8.1,1
21.0,19.0,94.2,0.494,11.7,18.2,0
17.0,26.0,94.2,0.566,15.7,14.3,1
24.0,30.0,100.1,0.5,8.0,25.0,1
30.0,33.0,100.1,0.5,8.7,23.3,0
19.0,22.0,98.0,0.459,11.7,20.8,0
33.0,21.0,98.0,0.44,10.0,20.5,1
19.0,9.0,86.7,0.308,13.2,19.3,0
25.0,17.0,86.7,0.481,13.7,29.5,1
29.0,22.0,84.5,0.531,11.1,29.7,0
29.0,24.0,84.5,0.579,6.4,23.7,1
27.0,28.0,96.1,0.529,12.6,31.1,1
24.0,19.0,96.1,0.452,16.1,27.9,0
24.0,19.0,88.9,0.468,16.3,33.3,0
26.0,22.0,88.9,0.573,12.0,23.1,1
33.0,20.0,86.0,0.469,7.4,14.3,0
25.0,27.0,86.0,0.556,11.2,31.4,1
30.0,20.0,82.2,0.545,13.3,32.4,0
23.0,28.0,82.2,0.531,8.8,48.7,1
15.0,13.0,81.5,0.439,14.4,15.8,0
27.0,24.0,81.5,0.494,10.0,41.0,1
16.0,25.0,89.2,0.441,13.7,24.4,0
26.0,19.0,89.2,0.458,10.5,28.6,1
21.0,16.0,93.4,0.455,20.7,24.4,0
22.0,19.0,93.4,0.463,12.8,29.8,1
27.0,25.0,97.7,0.567,8.7,7.9,1
24.0,29.0,97.7,0.528,8.5,15.6,0
22.0,23.0,94.9,0.409,15.1,17.4,0
24.0,30.0,94.9,0.61,15.1,26.2,1
26.0,30.0,95.7,0.527,9.6,18.4,1
22.0,29.0,95.7,0.452,12.2,27.7,0
20.0,34.0,90.3,0.533,10.9,22.0,1
18.0,39.0,90.3,0.437,14.8,33.3,0
31.0,18.0,91.5,0.435,7.5,21.8,0
21.0,20.0,91.5,0.519,12.0,21.4,1
22.0,26.0,96.1,0.449,16.3,17.1,0
32.0,31.0,96.1,0.553,13.3,18.2,1
27.0,25.0,96.4,0.5,17.6,16.7,0
33.0,20.0,96.4,0.542,12.3,40.9,1
23.0,24.0,85.9,0.478,8.6,31.1,0
30.0,25.0,85.9,0.625,13.5,31.4,1
17.0,19.0,98.1,0.457,19.0,12.5,0
32.0,21.0,98.1,0.579,19.8,31.4,1
15.0,22.0,88.3,0.475,12.0,22.7,0
20.0,25.0,88.3,0.555,11.4,36.6,1
21.0,21.0,76.1,0.588,13.4,32.3,1
17.0,16.0,76.1,0.472,13.1,38.2,0
28.0,31.0,95.8,0.381,16.0,26.0,0
29.0,31.0,95.8,0.587,22.3,33.3,1
20.0,27.0,87.1,0.5,13.0,27.0,1
27.0,28.0,87.1,0.512,11.7,31.0,0
24.0,19.0,90.7,0.398,15.9,26.7,0
28.0,28.0,90.7,0.596,5.0,20.6,1
34.0,15.0,93.8,0.494,13.4,23.9,0
15.0,31.0,93.8,0.547,11.9,28.3,1
14.0,28.0,89.9,0.482,11.8,23.9,0
27.0,27.0,89.9,0.577,13.8,23.7,1
25.0,25.0,91.6,0.494,11.2,13.6,0
23.0,19.0,91.6,0.47,14.1,27.5,1
22.0,26.0,102.7,0.462,20.6,25.0,0
25.0,25.0,102.7,0.56,18.0,18.6,1
22.0,18.0,94.8,0.481,17.3,15.6,0
29.0,29.0,94.8,0.543,15.6,20.0,1
19.0,14.0,84.9,0.376,13.0,40.8,0
10.0,29.0,84.9,0.461,15.6,32.5,1
38.0,19.0,92.7,0.566,13.1,28.9,1
17.0,32.0,92.7,0.467,11.9,17.9,0
23.0,20.0,92.0,0.519,12.6,22.0,0
35.0,34.0,92.0,0.561,17.0,30.8,1
22.0,31.0,98.2,0.506,14.1,15.9,1
28.0,24.0,98.2,0.434,13.4,29.3,0
33.0,23.0,87.8,0.563,11.0,21.6,1
26.0,26.0,87.8,0.421,9.2,36.5,0
28.0,20.0,102.2,0.473,9.0,13.7,0
22.0,22.0,102.2,0.579,15.2,23.5,1
26.0,10.0,86.7,0.363,12.3,29.4,0
21.0,23.0,86.7,0.507,19.2,32.3,1
14.0,23.0,84.1,0.456,11.1,26.8,0
24.0,22.0,84.1,0.563,13.0,23.7,1
23.0,22.0,89.4,0.493,12.3,15.8,0
33.0,22.0,89.4,0.582,12.9,25.6,1
23.0,19.0,88.5,0.42,11.8,36.0,0
23.0,27.0,88.5,0.532,12.1,23.7,1
18.0,26.0,90.6,0.559,13.1,17.5,0
25.0,35.0,90.6,0.517,8.5,31.6,1
29.0,23.0,96.3,0.547,9.2,22.0,0
25.0,28.0,96.3,0.615,16.6,35.5,1
9.0,25.0,82.5,0.455,11.3,26.2,0
24.0,21.0,82.5,0.472,5.6,18.4,1
24.0,22.0,93.1,0.511,12.6,38.6,0
36.0,25.0,93.1,0.591,8.9,32.6,1
20.0,34.0,89.8,0.571,10.9,21.4,1
24.0,20.0,89.8,0.465,14.7,37.0,0
23.0,34.0,94.2,0.519,14.7,31.6,1
23.0,29.0,94.2,0.512,13.5,19.0,0
21.0,33.0,96.5,0.526,9.1,18.2,1
29.0,18.0,96.5,0.378,13.9,22.2,0
23.0,20.0,87.3,0.432,9.4,15.2,0
28.0,21.0,87.3,0.507,11.9,27.3,1
20.0,26.0,92.7,0.49,4.8,15.9,0
30.0,27.0,92.7,0.653,13.3,18.8,1
27.0,28.0,99.0,0.532,10.8,25.0,0
26.0,45.0,99.0,0.511,12.1,28.3,1
21.0,22.0,85.1,0.488,16.4,50.0,0
26.0,21.0,85.1,0.602,19.2,25.0,1
21.0,32.0,87.0,0.657,13.1,6.9,1
30.0,18.0,87.0,0.426,13.9,50.0,0
30.0,29.0,95.9,0.646,11.2,27.8,1
30.0,28.0,95.9,0.613,14.6,14.7,0
25.0,27.0,96.5,0.535,12.9,25.6,1
23.0,21.0,96.5,0.611,19.5,12.1,0
30.0,25.0,94.2,0.568,15.3,37.8,0
31.0,25.0,94.2,0.589,10.5,22.9,1
26.0,26.0,92.5,0.495,10.4,40.0,1
28.0,32.0,92.5,0.531,11.8,26.7,0
27.0,24.0,95.2,0.489,12.2,34.1,1
17.0,28.0,95.2,0.413,9.8,27.6,0
31.0,29.0,86.6,0.596,8.8,36.1,1
14.0,23.0,86.6,0.442,15.1,26.3,0
14.0,24.0,87.7,0.372,10.5,26.9,0
29.0,18.0,87.7,0.518,13.0,26.2,1
24.0,24.0,85.8,0.571,17.3,17.6,1
25.0,11.0,85.8,0.355,12.8,25.5,0
22.0,28.0,94.9,0.489,11.9,25.5,0
20.0,23.0,94.9,0.529,12.4,19.0,1
22.0,10.0,94.8,0.362,16.1,25.5,0
24.0,28.0,94.8,0.529,14.6,31.1,1
24.0,24.0,81.7,0.522,13.0,22.9,1
19.0,20.0,81.7,0.441,16.4,42.2,0
26.0,18.0,94.4,0.335,9.3,17.2,0
27.0,26.0,94.4,0.425,13.3,31.9,1
26.0,38.0,87.6,0.512,16.1,31.7,0
19.0,25.0,87.6,0.534,10.6,35.7,1
24.0,25.0,99.3,0.469,9.9,34.0,1
16.0,22.0,99.3,0.459,12.4,25.5,0
29.0,18.0,93.5,0.506,15.7,27.5,0
22.0,38.0,93.5,0.603,14.6,23.5,1
16.0,31.0,92.7,0.414,8.8,29.6,0
29.0,21.0,92.7,0.532,15.6,23.1,1
23.0,30.0,91.0,0.452,14.5,34.1,0
21.0,33.0,91.0,0.52,11.5,30.2,1
34.0,30.0,84.9,0.528,13.2,28.9,1
22.0,18.0,84.9,0.5,15.3,39.5,0
34.0,28.0,90.2,0.545,8.4,32.5,1
26.0,19.0,90.2,0.544,11.3,17.9,0
28.0,32.0,94.5,0.487,13.8,12.5,0
28.0,20.0,94.5,0.487,14.3,22.5,1
22.0,14.0,90.5,0.405,18.6,21.7,0
28.0,27.0,90.5,0.564,13.9,22.9,1
19.0,26.0,86.1,0.369,13.3,28.6,0
14.0,25.0,86.1,0.393,16.0,37.3,1
12.0,19.0,86.7,0.486,14.1,10.5,0
22.0,20.0,86.7,0.472,17.9,31.4,1
19.0,29.0,84.7,0.513,15.5,36.8,0
32.0,23.0,84.7,0.625,11.7,26.3,1
15.0,14.0,90.5,0.529,21.0,18.2,1
20.0,14.0,90.5,0.355,12.3,27.1,0
23.0,23.0,91.9,0.476,15.0,28.6,0
19.0,25.0,91.9,0.529,11.6,22.9,1
28.0,19.0,91.9,0.548,13.7,20.0,1
16.0,36.0,91.9,0.461,7.9,19.6,0
27.0,29.0,94.7,0.596,21.0,23.3,0
24.0,26.0,94.7,0.533,17.8,28.9,1
20.0,21.0,95.6,0.423,10.2,32.1,0
26.0,22.0,95.6,0.573,16.2,12.5,1
28.0,31.0,92.6,0.529,8.7,22.2,1
31.0,17.0,92.6,0.488,10.9,13.6,0
24.0,26.0,91.7,0.448,13.6,22.2,0
24.0,25.0,91.7,0.5,12.9,31.7,1
18.0,17.0,95.6,0.384,13.1,19.6,0
29.0,29.0,95.6,0.636,19.8,37.1,1
11.0,24.0,93.2,0.322,6.7,32.8,0
28.0,29.0,93.2,0.5,13.2,26.8,1
31.0,31.0,95.4,0.523,8.7,13.3,1
17.0,26.0,95.4,0.549,16.1,21.4,0
14.0,21.0,92.3,0.452,19.5,38.3,0
22.0,30.0,92.3,0.618,18.5,12.1,1
15.0,25.0,81.3,0.432,11.6,25.0,0
19.0,23.0,81.3,0.5,15.2,42.1,1
23.0,27.0,96.0,0.456,12.1,23.3,1
32.0,23.0,96.0,0.44,12.7,22.0,0
28.0,22.0,100.0,0.544,12.7,24.4,1
30.0,17.0,100.0,0.4,13.3,29.8,0
24.0,25.0,93.1,0.469,13.6,22.4,0
25.0,27.0,93.1,0.512,15.2,17.8,1
27.0,22.0,85.1,0.606,13.7,27.3,1
34.0,23.0,85.1,0.525,12.4,22.5,0
22.0,23.0,90.8,0.519,15.0,19.0,1
26.0,15.0,90.8,0.453,14.0,17.9,0
23.0,17.0,85.4,0.417,7.3,20.9,0
29.0,19.0,85.4,0.451,9.9,26.1,1
31.0,24.0,95.4,0.5,13.0,23.3,0
20.0,31.0,95.4,0.459,13.1,33.3,1
24.0,28.0,93.6,0.449,11.2,26.1,0
24.0,19.0,93.6,0.56,19.9,23.5,1
26.0,20.0,87.9,0.52,15.1,25.6,0
23.0,31.0,87.9,0.525,14.3,34.3,1
22.0,33.0,92.1,0.574,14.0,20.0,0
24.0,25.0,92.1,0.479,7.1,34.8,1
20.0,17.0,88.2,0.474,17.7,25.0,0
23.0,28.0,88.2,0.563,11.0,31.4,1
19.0,37.0,95.1,0.555,16.5,30.8,0
30.0,30.0,95.1,0.607,18.4,21.2,1
21.0,28.0,91.6,0.487,15.5,17.9,0
31.0,22.0,91.6,0.456,12.4,27.9,1
18.0,20.0,92.3,0.365,11.8,24.1,0
26.0,36.0,92.3,0.586,10.4,11.4,1
24.0,30.0,92.6,0.564,13.0,18.4,1
25.0,25.0,92.6,0.484,13.1,38.8,0
22.0,26.0,89.7,0.517,12.7,43.5,1
25.0,29.0,89.7,0.538,13.1,15.8,0
21.0,15.0,90.7,0.468,16.7,17.1,0
30.0,28.0,90.7,0.549,10.0,25.0,1
20.0,27.0,87.1,0.487,15.1,39.5,1
33.0,24.0,87.1,0.444,8.6,46.3,0
33.0,26.0,93.0,0.531,7.9,37.8,1
24.0,21.0,93.0,0.547,12.6,22.5,0
36.0,27.0,98.3,0.429,7.8,27.8,0
31.0,15.0,98.3,0.533,10.1,20.0,1
20.0,31.0,94.4,0.494,15.0,22.7,0
27.0,15.0,94.4,0.524,18.1,34.9,1
30.0,18.0,82.1,0.417,13.5,28.2,0
27.0,24.0,82.1,0.565,11.6,44.7,1
23.0,30.0,91.8,0.571,11.7,25.0,1
22.0,26.0,91.8,0.483,11.3,23.3,0
26.0,23.0,90.5,0.41,12.0,30.4,0
27.0,22.0,90.5,0.53,13.9,36.8,1
19.0,20.0,92.3,0.481,15.6,22.0,0
21.0,31.0,92.3,0.535,11.6,22.7,1
26.0,16.0,88.2,0.478,7.6,31.3,1
25.0,16.0,88.2,0.493,19.5,21.2,0
25.0,24.0,90.0,0.506,15.0,24.4,0
24.0,23.0,90.0,0.524,13.8,19.5,1
38.0,23.0,86.3,0.62,13.6,23.5,1
16.0,28.0,86.3,0.449,15.0,25.0,0
24.0,26.0,93.5,0.565,9.8,17.9,0
32.0,31.0,93.5,0.553,9.3,28.9,1
22.0,29.0,93.4,0.526,13.0,16.2,0
14.0,32.0,93.4,0.518,16.2,32.4,1
21.0,26.0,99.5,0.48,14.5,5.1,1
28.0,19.0,99.5,0.483,16.3,20.5,0
30.0,28.0,93.7,0.517,13.1,36.4,1
22.0,32.0,93.7,0.483,12.8,31.0,0
24.0,18.0,90.5,0.487,11.7,25.0,1
22.0,20.0,90.5,0.422,12.9,29.4,0
41.0,29.0,105.3,0.598,17.5,30.0,1
33.0,38.0,105.3,0.49,12.0,34.7,0
23.0,26.0,79.8,0.555,9.5,32.4,1
29.0,14.0,79.8,0.521,11.9,30.3,0
29.0,31.0,86.7,0.514,15.8,29.4,0
17.0,22.0,86.7,0.601,11.6,22.6,1
21.0,14.0,88.5,0.351,13.4,32.0,0
30.0,20.0,88.5,0.524,14.7,20.6,1
30.0,14.0,91.8,0.449,12.9,29.2,0
22.0,24.0,91.8,0.517,13.9,31.8,1
31.0,16.0,91.7,0.511,7.8,41.3,1
28.0,24.0,91.7,0.488,13.3,27.1,0
21.0,24.0,92.5,0.477,13.6,34.1,0
32.0,17.0,92.5,0.526,17.0,28.9,1
31.0,32.0,92.6,0.556,10.9,20.0,1
21.0,13.0,92.6,0.474,18.0,23.8,0
27.0,17.0,92.5,0.487,16.8,19.0,0
22.0,28.0,92.5,0.553,15.0,30.0,1
34.0,28.0,91.0,0.518,12.0,35.7,1
17.0,20.0,91.0,0.41,11.0,14.9,0
21.0,26.0,97.0,0.474,16.0,28.2,0
29.0,31.0,97.0,0.522,10.5,34.1,1
24.0,29.0,96.2,0.572,16.1,36.1,1
28.0,25.0,96.2,0.484,8.0,27.5,0
24.0,27.0,95.6,0.5,11.7,26.3,0
26.0,26.0,95.6,0.608,11.5,23.1,1
32.0,20.0,86.7,0.529,9.1,29.3,1
21.0,21.0,86.7,0.453,9.7,26.2,0
28.0,21.0,88.9,0.437,16.7,49.0,0
25.0,29.0,88.9,0.595,12.0,24.2,1
36.0,17.0,84.6,0.561,10.4,30.3,1
15.0,22.0,84.6,0.441,13.1,25.6,0
16.0,25.0,85.6,0.475,13.4,34.1,0
23.0,19.0,85.6,0.532,13.7,39.4,1
29.0,16.0,90.2,0.487,15.4,25.0,0
27.0,21.0,90.2,0.476,9.5,30.2,1
21.0,27.0,85.9,0.71,14.6,11.5,1
17.0,29.0,85.9,0.493,18.8,31.4,0
22.0,33.0,89.3,0.534,16.4,28.6,0
19.0,23.0,89.3,0.552,12.6,33.3,1
25.0,21.0,87.8,0.395,12.0,39.1,0
20.0,19.0,87.8,0.459,8.6,26.0,1
32.0,31.0,89.3,0.523,9.6,31.0,1
23.0,20.0,89.3,0.537,16.5,17.1,0
17.0,23.0,84.6,0.556,9.1,31.6,0
24.0,19.0,84.6,0.568,9.8,18.8,1
16.0,28.0,96.6,0.414,14.7,32.7,0
22.0,30.0,96.6,0.474,14.9,20.0,1
19.0,23.0,87.1,0.55,12.0,26.8,0
22.0,25.0,87.1,0.544,11.2,24.3,1
23.0,20.0,95.5,0.43,9.2,21.2,0
31.0,29.0,95.5,0.592,9.2,28.9,1
13.0,18.0,95.4,0.442,17.6,16.3,0
30.0,13.0,95.4,0.494,17.9,27.9,1
27.0,26.0,90.8,0.56,12.7,27.8,1
37.0,16.0,90.8,0.439,7.9,33.3,0
20.0,34.0,87.4,0.548,9.6,15.6,1
17.0,19.0,87.4,0.47,16.3,21.1,0
25.0,21.0,86.9,0.513,12.2,23.5,0
24.0,27.0,86.9,0.555,10.5,20.6,1
29.0,26.0,93.5,0.488,12.3,42.2,1
27.0,28.0,93.5,0.524,15.0,25.7,0
29.0,21.0,83.8,0.524,7.0,34.9,1
18.0,23.0,83.8,0.494,10.6,37.2,0
20.0,33.0,90.2,0.568,16.0,37.5,0
31.0,33.0,90.2,0.617,9.8,26.3,1
17.0,20.0,89.3,0.549,16.4,22.9,0
18.0,24.0,89.3,0.447,8.8,21.3,1
24.0,19.0,93.5,0.506,13.0,7.7,0
36.0,28.0,93.5,0.622,13.9,24.3,1
21.0,20.0,84.0,0.48,10.6,22.5,0
21.0,22.0,84.0,0.583,11.4,26.3,1
31.0,17.0,83.5,0.549,11.4,7.7,1
19.0,22.0,83.5,0.487,12.2,30.2,0
26.0,16.0,90.4,0.438,12.3,27.7,0
30.0,19.0,90.4,0.535,8.5,30.4,1
24.0,26.0,91.7,0.525,13.8,22.9,0
27.0,23.0,91.7,0.512,10.6,21.7,1
31.0,29.0,94.0,0.452,8.1,29.2,0
25.0,21.0,94.0,0.495,7.7,37.0,1
30.0,28.0,87.7,0.62,14.4,29.0,1
22.0,41.0,87.7,0.519,13.3,35.0,0
24.0,22.0,87.7,0.533,16.7,18.9,0
25.0,30.0,87.7,0.468,10.0,23.3,1
24.0,18.0,99.6,0.548,19.0,11.4,0
31.0,31.0,99.6,0.58,8.5,33.3,1
26.0,22.0,95.7,0.562,16.3,20.6,0
27.0,26.0,95.7,0.512,7.8,11.8,1
21.0,33.0,85.4,0.604,8.5,23.3,1
24.0,19.0,85.4,0.556,10.5,21.4,0
25.0,28.0,85.7,0.679,17.7,12.0,0
31.0,25.0,85.7,0.596,6.2,27.0,1
21.0,20.0,90.6,0.463,13.1,17.4,0
17.0,29.0,90.6,0.494,14.3,39.6,1
28.0,24.0,82.9,0.62,14.0,19.4,1
18.0,14.0,82.9,0.567,20.9,28.0,0
20.0,17.0,88.3,0.421,6.8,22.6,0
28.0,20.0,88.3,0.462,10.1,23.3,1
21.0,27.0,82.9,0.565,11.8,22.2,1
28.0,14.0,82.9,0.553,16.8,18.9,0
23.0,26.0,90.6,0.387,12.4,45.5,0
20.0,24.0,90.6,0.556,15.7,12.9,1
16.0,22.0,91.0,0.372,12.9,33.9,0
24.0,24.0,91.0,0.457,16.2,31.7,1
29.0,18.0,94.2,0.632,17.4,25.8,1
32.0,27.0,94.2,0.404,9.9,26.5,0
28.0,18.0,90.6,0.422,11.4,20.0,0
23.0,24.0,90.6,0.506,12.9,26.8,1
20.0,31.0,92.4,0.5,17.8,31.4,0
38.0,31.0,92.4,0.608,5.6,30.2,1
32.0,20.0,94.4,0.571,16.5,34.2,1
29.0,17.0,94.4,0.479,16.0,40.8,0
20.0,17.0,85.5,0.537,13.1,24.1,1
18.0,12.0,85.5,0.438,15.9,21.1,0
29.0,24.0,98.1,0.547,16.6,30.8,1
28.0,19.0,98.1,0.425,10.5,27.1,0
19.0,19.0,96.7,0.422,12.2,18.0,0
22.0,25.0,96.7,0.5,13.5,24.0,1
12.0,16.0,92.5,0.356,13.1,20.0,0
29.0,20.0,92.5,0.462,15.5,11.4,1
25.0,32.0,91.3,0.61,13.9,24.2,1
17.0,28.0,91.3,0.5,8.9,19.0,0
29.0,27.0,88.1,0.488,12.6,36.1,1
20.0,23.0,88.1,0.479,16.1,17.5,0
30.0,17.0,89.6,0.489,9.8,22.0,0
23.0,25.0,89.6,0.427,7.3,36.0,1
27.0,17.0,88.5,0.446,10.0,22.4,0
25.0,23.0,88.5,0.537,12.0,21.4,1
25.0,18.0,89.8,0.519,10.8,23.9,1
20.0,25.0,89.8,0.5,12.4,14.0,0
22.0,23.0,96.7,0.421,12.2,31.9,1
16.0,23.0,96.7,0.438,10.0,18.9,0
18.0,23.0,82.3,0.543,20.7,32.4,1
8.0,26.0,82.3,0.335,11.7,43.4,0
27.0,16.0,87.4,0.45,12.9,26.3,0
26.0,21.0,87.4,0.451,11.1,20.5,1
28.0,25.0,82.4,0.5,12.0,40.5,1
24.0,8.0,82.4,0.389,11.8,19.1,0
23.0,22.0,88.0,0.459,7.3,18.6,0
22.0,18.0,88.0,0.493,18.0,22.2,1
25.0,24.0,90.3,0.494,12.4,25.0,1
25.0,20.0,90.3,0.47,13.3,19.4,0
21.0,17.0,87.3,0.461,13.4,17.4,0
42.0,23.0,87.3,0.528,8.9,27.3,1
32.0,24.0,92.8,0.564,13.1,29.3,1
14.0,29.0,92.8,0.646,21.7,28.0,0
29.0,24.0,94.6,0.592,11.6,25.0,1
21.0,21.0,94.6,0.429,11.3,29.2,0
33.0,25.0,97.3,0.544,8.4,21.4,1
28.0,27.0,97.3,0.483,10.7,26.1,0
24.0,16.0,86.1,0.429,15.7,33.3,0
26.0,24.0,86.1,0.578,16.4,25.0,1
21.0,21.0,88.9,0.494,14.3,31.0,0
30.0,22.0,88.9,0.519,7.9,26.8,1
27.0,31.0,101.9,0.554,15.6,25.0,0
38.0,30.0,101.9,0.601,7.7,30.2,1
30.0,11.0,85.6,0.439,9.0,24.5,0
27.0,29.0,85.6,0.566,9.2,27.5,1
13.0,28.0,94.2,0.38,14.7,20.5,0
19.0,20.0,94.2,0.513,14.5,25.0,1
23.0,23.0,95.4,0.573,22.2,32.4,0
20.0,26.0,95.4,0.47,12.3,33.3,1
29.0,28.0,95.5,0.452,11.3,18.4,0
22.0,26.0,95.5,0.469,13.9,23.7,1
18.0,19.0,94.2,0.424,13.1,22.2,0
26.0,27.0,94.2,0.519,8.9,14.0,1
19.0,25.0,93.3,0.5,14.6,27.3,0
31.0,20.0,93.3,0.584,14.0,20.0,1
18.0,19.0,92.0,0.383,12.3,35.2,0
18.0,29.0,92.0,0.399,12.3,33.3,1
21.0,18.0,84.7,0.473,11.6,20.0,0
25.0,24.0,84.7,0.596,13.9,24.2,1
21.0,20.0,88.7,0.517,12.5,28.3,1
21.0,21.0,88.7,0.52,16.3,21.6,0
21.0,25.0,86.9,0.48,11.0,22.7,0
26.0,27.0,86.9,0.548,9.7,38.1,1
31.0,29.0,88.4,0.575,5.5,41.3,1
33.0,31.0,88.4,0.635,11.9,31.3,0
35.0,21.0,91.1,0.425,13.9,34.1,1
19.0,30.0,91.1,0.469,15.3,21.4,0
25.0,15.0,93.0,0.483,11.2,28.3,1
29.0,30.0,93.0,0.488,13.9,14.6,0
25.0,21.0,92.0,0.459,14.0,20.5,1
20.0,23.0,92.0,0.401,13.0,21.3,0
24.0,21.0,86.3,0.419,7.3,15.7,0
29.0,19.0,86.3,0.478,8.8,48.0,1
27.0,20.0,87.0,0.563,8.8,10.0,1
18.0,30.0,87.0,0.488,9.5,30.2,0
16.0,19.0,100.3,0.406,9.2,11.1,0
31.0,19.0,100.3,0.484,11.4,24.0,1
21.0,24.0,96.3,0.483,16.8,27.5,0
27.0,23.0,96.3,0.465,14.2,33.3,1
31.0,10.0,88.3,0.476,15.7,34.1,0
16.0,35.0,88.3,0.43,8.3,41.9,1
20.0,26.0,94.5,0.47,14.0,19.5,0
25.0,34.0,94.5,0.551,14.5,24.3,1
17.0,18.0,84.2,0.388,10.2,23.4,0
14.0,31.0,84.2,0.494,6.2,26.7,1
13.0,24.0,93.3,0.5,19.0,12.5,0
24.0,23.0,93.3,0.477,15.5,30.4,1
28.0,28.0,91.4,0.506,12.6,24.4,0
37.0,25.0,91.4,0.688,12.2,15.6,1
23.0,22.0,90.2,0.451,9.2,21.3,1
26.0,19.0,90.2,0.437,16.6,14.3,0
26.0,22.0,87.3,0.514,12.2,25.0,1
26.0,24.0,87.3,0.494,11.9,25.0,0
21.0,37.0,93.4,0.525,4.8,12.2,1
26.0,29.0,93.4,0.506,11.4,31.7,0
20.0,21.0,91.5,0.483,9.4,25.0,1
20.0,20.0,91.5,0.435,12.1,28.0,0
26.0,23.0,93.7,0.425,12.1,24.5,0
31.0,27.0,93.7,0.488,15.1,34.0,1
26.0,23.0,93.1,0.422,8.3,25.5,0
30.0,23.0,93.1,0.643,19.2,28.6,1
21.0,29.0,97.7,0.426,9.6,25.4,0
22.0,25.0,97.7,0.505,12.4,30.5,1
34.0,31.0,97.9,0.582,9.1,23.7,1
22.0,28.0,97.9,0.46,13.3,25.5,0
27.0,25.0,91.5,0.63,15.2,21.4,1
21.0,16.0,91.5,0.518,9.6,21.4,0
25.0,37.0,95.9,0.526,15.4,31.7,0
30.0,26.0,95.9,0.612,11.2,24.3,1
23.0,34.0,93.2,0.553,20.5,32.4,1
22.0,26.0,93.2,0.519,15.2,20.5,0
23.0,23.0,92.8,0.452,5.8,21.8,0
26.0,25.0,92.8,0.506,7.2,20.0,1
36.0,20.0,100.5,0.578,15.4,23.8,1
23.0,20.0,100.5,0.482,14.4,16.3,0
28.0,22.0,102.7,0.505,15.4,25.5,0
35.0,34.0,102.7,0.541,15.0,18.6,1
23.0,26.0,87.7,0.57,13.9,26.8,1
21.0,27.0,87.7,0.468,13.5,32.7,0
22.0,22.0,95.2,0.484,15.7,26.0,0
30.0,21.0,95.2,0.511,15.5,31.3,1
20.0,20.0,96.4,0.506,20.5,23.1,0
28.0,26.0,96.4,0.59,19.3,38.5,1
15.0,18.0,86.8,0.38,5.9,25.0,1
23.0,19.0,86.8,0.385,18.8,31.9,0
23.0,25.0,92.5,0.585,13.0,34.3,1
35.0,24.0,92.5,0.55,14.9,30.8,0
33.0,26.0,94.6,0.531,7.1,31.3,0
28.0,33.0,94.6,0.606,12.0,9.4,1
25.0,26.0,91.7,0.518,12.5,22.0,0
29.0,22.0,91.7,0.634,14.4,16.7,1
14.0,39.0,88.8,0.494,11.7,25.6,1
23.0,30.0,88.8,0.458,11.0,38.0,0
26.0,25.0,91.6,0.578,13.1,21.2,1
7.0,29.0,91.6,0.443,10.3,23.3,0
24.0,27.0,96.9,0.5,12.0,19.6,0
24.0,24.0,96.9,0.584,15.6,13.8,1
22.0,23.0,86.6,0.5,16.1,27.0,0
26.0,24.0,86.6,0.486,13.1,27.5,1
27.0,19.0,88.0,0.513,10.3,23.1,0
29.0,25.0,88.0,0.639,18.5,21.4,1
26.0,23.0,96.2,0.468,10.1,24.4,1
16.0,21.0,96.2,0.42,15.0,26.5,0
15.0,26.0,91.9,0.443,11.5,18.0,0
27.0,19.0,91.9,0.488,13.4,28.9,1
17.0,23.0,84.2,0.5,7.4,27.9,1
22.0,14.0,84.2,0.446,9.8,26.7,0
20.0,20.0,97.7,0.568,25.4,16.7,0
27.0,28.0,97.7,0.53,16.5,27.5,1
28.0,35.0,94.6,0.654,12.7,20.0,1
27.0,24.0,94.6,0.452,18.2,27.9,0
28.0,31.0,101.0,0.537,18.4,28.6,0
22.0,29.0,101.0,0.58,18.4,26.5,1
32.0,24.0,103.4,0.43,12.2,27.3,0
32.0,27.0,103.4,0.62,15.4,16.7,1
18.0,25.0,93.3,0.404,7.6,19.2,0
18.0,30.0,93.3,0.418,12.4,30.8,1
23.0,16.0,96.9,0.421,12.8,21.6,0
30.0,19.0,96.9,0.557,14.6,10.5,1
19.0,26.0,84.1,0.576,8.2,25.0,1
27.0,22.0,84.1,0.431,9.5,38.5,0
20.0,20.0,87.4,0.492,25.4,35.1,0
22.0,21.0,87.4,0.494,11.2,20.0,1
17.0,26.0,91.7,0.394,17.2,31.0,0
21.0,17.0,91.7,0.488,11.7,21.7,1
27.0,28.0,88.5,0.452,7.0,20.8,0
19.0,23.0,88.5,0.476,11.6,26.3,1
21.0,24.0,94.6,0.558,18.1,30.6,0
23.0,33.0,94.6,0.505,11.9,37.7,1
22.0,28.0,86.8,0.519,8.6,8.3,0
30.0,22.0,86.8,0.628,12.1,15.4,1
31.0,16.0,84.3,0.598,17.9,28.6,1
19.0,24.0,84.3,0.483,5.0,27.1,0
30.0,35.0,91.0,0.519,15.0,36.4,1
21.0,30.0,91.0,0.507,14.7,19.0,0
21.0,26.0,91.9,0.483,11.1,29.5,0
33.0,25.0,91.9,0.548,13.1,31.6,1
22.0,27.0,105.5,0.5,12.6,18.5,0
28.0,34.0,105.5,0.594,18.4,23.7,1
25.0,31.0,100.2,0.471,13.9,40.9,1
24.0,34.0,100.2,0.48,9.1,31.0,0
22.0,25.0,91.8,0.487,10.3,7.9,1
19.0,20.0,91.8,0.44,12.6,7.3,0
24.0,28.0,94.0,0.477,13.5,27.3,0
29.0,21.0,94.0,0.484,9.0,34.0,1
28.0,25.0,85.1,0.62,14.8,25.0,1
18.0,29.0,85.1,0.432,13.7,35.7,0
22.0,29.0,104.9,0.527,13.5,19.5,0
23.0,29.0,104.9,0.532,9.5,23.9,1
28.0,17.0,94.4,0.577,16.7,26.3,1
24.0,21.0,94.4,0.449,10.1,27.5,0
20.0,20.0,85.8,0.459,15.0,11.9,0
28.0,11.0,85.8,0.513,14.1,33.3,1
18.0,33.0,101.4,0.481,20.0,27.0,0
23.0,20.0,101.4,0.531,20.2,27.5,1
22.0,29.0,93.7,0.538,12.0,10.8,0
23.0,29.0,93.7,0.562,14.8,18.4,1
21.0,24.0,89.3,0.465,8.0,17.5,0
22.0,21.0,89.3,0.519,14.8,28.6,1
25.0,23.0,89.2,0.393,16.5,45.5,0
28.0,24.0,89.2,0.549,11.2,17.5,1
29.0,29.0,99.9,0.418,9.7,33.9,0
25.0,27.0,99.9,0.548,13.6,35.7,1
26.0,20.0,94.1,0.553,14.9,25.6,1
31.0,27.0,94.1,0.488,14.8,28.9,0
21.0,19.0,87.6,0.464,12.1,18.4,0
22.0,24.0,87.6,0.422,10.3,31.5,1
13.0,19.0,82.6,0.34,11.8,30.9,0
25.0,21.0,82.6,0.429,10.6,38.8,1
27.0,19.0,90.9,0.532,12.9,22.2,0
30.0,20.0,90.9,0.615,11.3,15.4,1
29.0,24.0,92.2,0.422,11.0,30.6,0
29.0,24.0,92.2,0.478,10.9,29.6,1
23.0,27.0,86.7,0.482,11.4,35.4,1
19.0,19.0,86.7,0.433,7.8,26.5,0
16.0,33.0,94.5,0.478,10.8,28.0,1
27.0,25.0,94.5,0.463,13.7,13.6,0
24.0,34.0,96.1,0.568,11.9,25.6,1
24.0,38.0,96.1,0.5,9.9,26.7,0
24.0,28.0,99.9,0.527,10.9,18.2,1
15.0,19.0,99.9,0.462,16.1,9.8,0
21.0,20.0,91.2,0.482,12.7,19.6,0
37.0,18.0,91.2,0.575,8.9,23.7,1
